ISO-10303-21;
HEADER;
FILE_DESCRIPTION (( 'STEP AP214' ),
    '1' );
FILE_NAME ('Lumberg_1503_03.STEP',
    '2025-10-28T10:48:45',
    ( '' ),
    ( '' ),
    'SwSTEP 2.0',
    'SolidWorks 2024',
    '' );
FILE_SCHEMA (( 'AUTOMOTIVE_DESIGN' ));
ENDSEC;

DATA;
#1 = AXIS2_PLACEMENT_3D ( 'NONE', #1288, #1017, #755 ) ;
#2 = ORIENTED_EDGE ( 'NONE', *, *, #1989, .F. ) ;
#3 = CARTESIAN_POINT ( 'NONE',  ( -5.100000000000000533, 0.2999999999999999889, -3.349999999999999645 ) ) ;
#4 = LINE ( 'NONE', #2724, #3166 ) ;
#5 = SHAPE_REPRESENTATION ( '(03-772)\X2\0160\X0\O\X2\0152\X0\`\X2\0192201a0192\X0\f\X2\01922039\X0\_2', ( #521 ), #3462 ) ;
#6 =( LENGTH_UNIT ( ) NAMED_UNIT ( * ) SI_UNIT ( .MILLI., .METRE. ) );
#7 = VECTOR ( 'NONE', #2384, 1000.000000000000000 ) ;
#8 = VECTOR ( 'NONE', #1497, 1000.000000000000000 ) ;
#9 = DIRECTION ( 'NONE',  ( -0.000000000000000000, -0.000000000000000000, 1.000000000000000000 ) ) ;
#10 = VECTOR ( 'NONE', #2465, 1000.000000000000000 ) ;
#11 = CARTESIAN_POINT ( 'NONE',  ( -5.100000000000000533, 4.200000000000000178, -11.39999999999999858 ) ) ;
#12 = ORIENTED_EDGE ( 'NONE', *, *, #861, .F. ) ;
#13 = CIRCLE ( 'NONE', #2833, 0.2000000000000000944 ) ;
#14 = EDGE_CURVE ( 'NONE', #119, #3326, #2373, .T. ) ;
#15 = DIRECTION ( 'NONE',  ( -0.9819449375075981479, -0.000000000000000000, 0.1891669625045536152 ) ) ;
#16 = ORIENTED_EDGE ( 'NONE', *, *, #3395, .F. ) ;
#17 = EDGE_CURVE ( 'NONE', #713, #461, #3440, .T. ) ;
#18 = ORIENTED_EDGE ( 'NONE', *, *, #2412, .F. ) ;
#19 = PLANE ( 'NONE',  #706 ) ;
#20 = CARTESIAN_POINT ( 'NONE',  ( 0.000000000000000000, 2.999999999999999556, -11.30000000000000071 ) ) ;
#21 = EDGE_CURVE ( 'NONE', #2732, #1484, #679, .T. ) ;
#22 = ORIENTED_EDGE ( 'NONE', *, *, #388, .F. ) ;
#23 = CARTESIAN_POINT ( 'NONE',  ( -4.649999999999999467, 0.000000000000000000, -3.000000000000000000 ) ) ;
#24 = CARTESIAN_POINT ( 'NONE',  ( -2.800000000000000266, 3.000000000000000000, 2.700000000000000178 ) ) ;
#25 =( NAMED_UNIT ( * ) PLANE_ANGLE_UNIT ( ) SI_UNIT ( $, .RADIAN. ) );
#26 = PLANE ( 'NONE',  #2604 ) ;
#27 = CARTESIAN_POINT ( 'NONE',  ( -3.900000000000000355, 0.2000000000000000111, -9.750000000000000000 ) ) ;
#28 = ORIENTED_EDGE ( 'NONE', *, *, #1390, .T. ) ;
#29 = CARTESIAN_POINT ( 'NONE',  ( -5.100000000000000533, 0.000000000000000000, -3.350000000000000089 ) ) ;
#30 = VERTEX_POINT ( 'NONE', #1530 ) ;
#31 = VERTEX_POINT ( 'NONE', #2062 ) ;
#32 = AXIS2_PLACEMENT_3D ( 'NONE', #2893, #728, #1564 ) ;
#33 = LINE ( 'NONE', #3112, #245 ) ;
#34 = CARTESIAN_POINT ( 'NONE',  ( -4.649999999999999467, 0.2999999999999999889, -3.000000000000000000 ) ) ;
#35 = VERTEX_POINT ( 'NONE', #2390 ) ;
#36 = CARTESIAN_POINT ( 'NONE',  ( -3.999999999999996447, 9.629649721936179265E-31, -3.750000000000000000 ) ) ;
#37 = DIRECTION ( 'NONE',  ( 1.000000000000000000, -2.168404344971008868E-16, -0.000000000000000000 ) ) ;
#38 = DIRECTION ( 'NONE',  ( -0.000000000000000000, -1.000000000000000000, -0.000000000000000000 ) ) ;
#39 = CARTESIAN_POINT ( 'NONE',  ( -3.399999999999998579, 4.200000000000000178, -10.40000000000000213 ) ) ;
#40 = DIRECTION ( 'NONE',  ( 0.000000000000000000, 0.000000000000000000, 1.000000000000000000 ) ) ;
#41 = EDGE_LOOP ( 'NONE', ( #2086, #1672, #2410, #2812 ) ) ;
#42 = AXIS2_PLACEMENT_3D ( 'NONE', #2649, #709, #167 ) ;
#43 = CARTESIAN_POINT ( 'NONE',  ( 0.7500000000000000000, 0.3499999999999999778, -13.29999999999999893 ) ) ;
#44 = VERTEX_POINT ( 'NONE', #3456 ) ;
#45 = VERTEX_POINT ( 'NONE', #1769 ) ;
#46 = LINE ( 'NONE', #898, #2489 ) ;
#47 = CARTESIAN_POINT ( 'NONE',  ( -3.399999999999999467, 0.000000000000000000, -3.000000000000000000 ) ) ;
#48 = ORIENTED_EDGE ( 'NONE', *, *, #2543, .T. ) ;
#49 = LINE ( 'NONE', #1220, #2823 ) ;
#50 = DIRECTION ( 'NONE',  ( 0.000000000000000000, 0.000000000000000000, 1.000000000000000000 ) ) ;
#51 = PLANE ( 'NONE',  #2230 ) ;
#52 =( GEOMETRIC_REPRESENTATION_CONTEXT ( 3 ) GLOBAL_UNCERTAINTY_ASSIGNED_CONTEXT ( ( #2016 ) ) GLOBAL_UNIT_ASSIGNED_CONTEXT ( ( #3488, #2052, #1776 ) ) REPRESENTATION_CONTEXT ( 'NONE', 'WORKASPACE' ) );
#53 = STYLED_ITEM ( 'NONE', ( #2687 ), #609 ) ;
#54 = DIRECTION ( 'NONE',  ( 0.000000000000000000, 1.000000000000000000, 0.000000000000000000 ) ) ;
#55 = LINE ( 'NONE', #906, #624 ) ;
#56 = CARTESIAN_POINT ( 'NONE',  ( 3.000000000000000444, 8.999999999999998224, 2.500000000000000000 ) ) ;
#57 = CIRCLE ( 'NONE', #2072, 1.800000000000000266 ) ;
#58 = VECTOR ( 'NONE', #2653, 1000.000000000000000 ) ;
#59 = VERTEX_POINT ( 'NONE', #2618 ) ;
#60 = ADVANCED_FACE ( 'NONE', ( #3496 ), #478, .F. ) ;
#61 = VECTOR ( 'NONE', #1215, 1000.000000000000000 ) ;
#62 = DIRECTION ( 'NONE',  ( 1.000000000000000000, -0.000000000000000000, 0.000000000000000000 ) ) ;
#63 = ORIENTED_EDGE ( 'NONE', *, *, #3075, .T. ) ;
#64 = DIRECTION ( 'NONE',  ( 0.000000000000000000, 0.000000000000000000, 1.000000000000000000 ) ) ;
#65 = VERTEX_POINT ( 'NONE', #745 ) ;
#66 = AXIS2_PLACEMENT_3D ( 'NONE', #11, #3363, #300 ) ;
#67 = CARTESIAN_POINT ( 'NONE',  ( 3.399999999999999467, 0.2999999999999999889, -3.750000000000000000 ) ) ;
#68 = ORIENTED_EDGE ( 'NONE', *, *, #3003, .F. ) ;
#69 = CIRCLE ( 'NONE', #1273, 0.5999999999999998668 ) ;
#70 = VECTOR ( 'NONE', #795, 1000.000000000000000 ) ;
#71 = ORIENTED_EDGE ( 'NONE', *, *, #3420, .F. ) ;
#72 = CARTESIAN_POINT ( 'NONE',  ( 0.3499999999999998668, 0.3499999999999999778, -13.29999999999999893 ) ) ;
#73 =( NAMED_UNIT ( * ) SI_UNIT ( $, .STERADIAN. ) SOLID_ANGLE_UNIT ( ) );
#74 = DIRECTION ( 'NONE',  ( -0.000000000000000000, -0.000000000000000000, 1.000000000000000000 ) ) ;
#75 = ORIENTED_EDGE ( 'NONE', *, *, #3067, .F. ) ;
#76 = FACE_OUTER_BOUND ( 'NONE', #1699, .T. ) ;
#77 = LINE ( 'NONE', #639, #682 ) ;
#78 = PLANE ( 'NONE',  #241 ) ;
#79 = VERTEX_POINT ( 'NONE', #2875 ) ;
#80 = DIRECTION ( 'NONE',  ( 1.000000000000000000, 0.000000000000000000, -0.000000000000000000 ) ) ;
#81 = VERTEX_POINT ( 'NONE', #1842 ) ;
#82 = VECTOR ( 'NONE', #2123, 1000.000000000000000 ) ;
#83 = ORIENTED_EDGE ( 'NONE', *, *, #373, .T. ) ;
#84 = DIRECTION ( 'NONE',  ( 1.349979358736815240E-16, -2.927301107106086615E-32, 1.000000000000000000 ) ) ;
#85 = VERTEX_POINT ( 'NONE', #3481 ) ;
#86 = ADVANCED_FACE ( 'NONE', ( #2097 ), #1825, .F. ) ;
#87 = ORIENTED_EDGE ( 'NONE', *, *, #2423, .T. ) ;
#88 = FACE_OUTER_BOUND ( 'NONE', #2241, .T. ) ;
#89 = DIRECTION ( 'NONE',  ( 0.000000000000000000, -1.000000000000000000, 0.000000000000000000 ) ) ;
#90 = LINE ( 'NONE', #2040, #3159 ) ;
#91 = EDGE_CURVE ( 'NONE', #2208, #3174, #1546, .T. ) ;
#92 = EDGE_CURVE ( 'NONE', #207, #2393, #2654, .T. ) ;
#93 = CARTESIAN_POINT ( 'NONE',  ( 5.099999999999999645, 0.2999999999999999889, -2.649999999999999467 ) ) ;
#94 = CARTESIAN_POINT ( 'NONE',  ( 0.7500000000000001110, 0.000000000000000000, -13.29999999999999893 ) ) ;
#95 = LINE ( 'NONE', #2059, #473 ) ;
#96 = ORIENTED_EDGE ( 'NONE', *, *, #1369, .F. ) ;
#97 = DIRECTION ( 'NONE',  ( 1.000000000000000000, -2.168404344971008868E-16, -1.239088197126289831E-16 ) ) ;
#98 = ORIENTED_EDGE ( 'NONE', *, *, #2277, .T. ) ;
#99 = APPLICATION_PROTOCOL_DEFINITION ( 'draft international standard', 'automotive_design', 1998, #3483 ) ;
#100 = ORIENTED_EDGE ( 'NONE', *, *, #1755, .F. ) ;
#101 = DIRECTION ( 'NONE',  ( 1.239088197126290324E-16, -2.686844230450942015E-32, 1.000000000000000000 ) ) ;
#102 = ADVANCED_FACE ( 'NONE', ( #2079 ), #993, .F. ) ;
#103 = VECTOR ( 'NONE', #1049, 1000.000000000000114 ) ;
#104 = PRESENTATION_LAYER_ASSIGNMENT (  '', '', ( #1135 ) ) ;
#105 = ORIENTED_EDGE ( 'NONE', *, *, #1250, .T. ) ;
#106 = EDGE_CURVE ( 'NONE', #120, #382, #1228, .T. ) ;
#107 = UNCERTAINTY_MEASURE_WITH_UNIT (LENGTH_MEASURE( 1.000000000000000082E-05 ), #3171, 'distance_accuracy_value', 'NONE');
#108 = EDGE_LOOP ( 'NONE', ( #908, #2721, #569, #1204 ) ) ;
#109 = DIRECTION ( 'NONE',  ( 0.000000000000000000, 0.000000000000000000, 1.000000000000000000 ) ) ;
#110 = FACE_OUTER_BOUND ( 'NONE', #1491, .T. ) ;
#111 =( NAMED_UNIT ( * ) SI_UNIT ( $, .STERADIAN. ) SOLID_ANGLE_UNIT ( ) );
#112 = ORIENTED_EDGE ( 'NONE', *, *, #1946, .F. ) ;
#113 = EDGE_CURVE ( 'NONE', #1991, #1356, #3435, .T. ) ;
#114 = VECTOR ( 'NONE', #951, 1000.000000000000000 ) ;
#115 = PLANE ( 'NONE',  #2351 ) ;
#116 = CARTESIAN_POINT ( 'NONE',  ( 3.000000000000000888, 2.999999999999999112, 2.617157287525381459 ) ) ;
#117 = ORIENTED_EDGE ( 'NONE', *, *, #1415, .F. ) ;
#118 = CARTESIAN_POINT ( 'NONE',  ( -3.862166607499088578, 0.2000000000000000111, -9.946388987501519452 ) ) ;
#119 = VERTEX_POINT ( 'NONE', #154 ) ;
#120 = VERTEX_POINT ( 'NONE', #1242 ) ;
#121 = ADVANCED_BREP_SHAPE_REPRESENTATION ( '', ( #1867, #521 ), #1780 ) ;
#122 = ADVANCED_FACE ( 'NONE', ( #2353 ), #975, .F. ) ;
#123 = EDGE_CURVE ( 'NONE', #305, #2328, #2460, .T. ) ;
#124 = PLANE ( 'NONE',  #237 ) ;
#125 = VECTOR ( 'NONE', #1930, 1000.000000000000000 ) ;
#126 = EDGE_LOOP ( 'NONE', ( #3353, #1940, #895, #1404 ) ) ;
#127 = PRODUCT_RELATED_PRODUCT_CATEGORY ( 'part', '', ( #188 ) ) ;
#128 = ORIENTED_EDGE ( 'NONE', *, *, #3187, .F. ) ;
#129 = EDGE_CURVE ( 'NONE', #2317, #3338, #3303, .T. ) ;
#130 = LINE ( 'NONE', #883, #743 ) ;
#131 = CARTESIAN_POINT ( 'NONE',  ( 3.700000000000000622, -8.673617379884035472E-16, -1.249999999999999334 ) ) ;
#132 = VECTOR ( 'NONE', #2532, 1000.000000000000114 ) ;
#133 = LINE ( 'NONE', #1724, #1246 ) ;
#134 = ORIENTED_EDGE ( 'NONE', *, *, #3003, .T. ) ;
#135 = VECTOR ( 'NONE', #1289, 1000.000000000000227 ) ;
#136 = FACE_OUTER_BOUND ( 'NONE', #2112, .T. ) ;
#137 = CARTESIAN_POINT ( 'NONE',  ( -3.399999999999999467, 8.907425992790969324E-31, -1.250000000000000000 ) ) ;
#138 = PLANE ( 'NONE',  #527 ) ;
#139 = DIRECTION ( 'NONE',  ( 1.203706215242021751E-31, 1.000000000000000000, 0.000000000000000000 ) ) ;
#140 = SHAPE_DEFINITION_REPRESENTATION ( #1883, #2697 ) ;
#141 = ORIENTED_EDGE ( 'NONE', *, *, #2768, .T. ) ;
#142 = ADVANCED_FACE ( 'NONE', ( #3562 ), #299, .F. ) ;
#143 = ADVANCED_FACE ( 'NONE', ( #2690 ), #2789, .T. ) ;
#144 = DIRECTION ( 'NONE',  ( 0.000000000000000000, 0.000000000000000000, -1.000000000000000000 ) ) ;
#145 = ORIENTED_EDGE ( 'NONE', *, *, #1586, .T. ) ;
#146 = UNCERTAINTY_MEASURE_WITH_UNIT (LENGTH_MEASURE( 1.000000000000000082E-05 ), #148, 'distance_accuracy_value', 'NONE');
#147 = CARTESIAN_POINT ( 'NONE',  ( 0.000000000000000000, 2.999999999999999556, 2.500000000000000000 ) ) ;
#148 =( LENGTH_UNIT ( ) NAMED_UNIT ( * ) SI_UNIT ( .MILLI., .METRE. ) );
#149 = ORIENTED_EDGE ( 'NONE', *, *, #2814, .F. ) ;
#150 = CLOSED_SHELL ( 'NONE', ( #2524, #398, #1626, #595, #3403, #485, #872, #142, #2624, #1937 ) ) ;
#151 = DIRECTION ( 'NONE',  ( 0.000000000000000000, 0.000000000000000000, 1.000000000000000000 ) ) ;
#152 = DIRECTION ( 'NONE',  ( -1.000000000000000000, 1.203706215242022408E-31, -0.000000000000000000 ) ) ;
#153 = CARTESIAN_POINT ( 'NONE',  ( 0.000000000000000000, 2.999999999999999556, 2.700000000004365575 ) ) ;
#154 = CARTESIAN_POINT ( 'NONE',  ( 5.099999999999999645, 0.2999999999999999889, -2.250000000000000888 ) ) ;
#155 = PRODUCT_CONTEXT ( 'NONE', #2441, 'mechanical' ) ;
#156 = ORIENTED_EDGE ( 'NONE', *, *, #113, .F. ) ;
#157 = APPLICATION_CONTEXT ( 'automotive_design' ) ;
#158 = CARTESIAN_POINT ( 'NONE',  ( 4.000000000000001776, 4.200000000000000178, -12.19999999999999751 ) ) ;
#159 = PRODUCT_DEFINITION_SHAPE ( 'NONE', 'NONE',  #3570 ) ;
#160 = CARTESIAN_POINT ( 'NONE',  ( -4.400000000000000355, 0.2000000000000000111, -9.050000000000000711 ) ) ;
#161 = ORIENTED_EDGE ( 'NONE', *, *, #2814, .T. ) ;
#162 = AXIS2_PLACEMENT_3D ( 'NONE', #208, #3516, #3215 ) ;
#163 = CARTESIAN_POINT ( 'NONE',  ( 0.000000000000000000, -1.199999999926149030, -1.599999999996271072 ) ) ;
#164 = DIRECTION ( 'NONE',  ( -1.000000000000000000, 0.000000000000000000, 0.000000000000000000 ) ) ;
#165 = ORIENTED_EDGE ( 'NONE', *, *, #1621, .T. ) ;
#166 = EDGE_CURVE ( 'NONE', #2534, #318, #2497, .T. ) ;
#167 = DIRECTION ( 'NONE',  ( 1.000000000000000000, 0.000000000000000000, 0.000000000000000000 ) ) ;
#168 = CARTESIAN_POINT ( 'NONE',  ( -4.400000000000000355, 0.2000000000000000111, -9.449999999999999289 ) ) ;
#169 = CARTESIAN_POINT ( 'NONE',  ( 4.000000000000000000, -8.673617379884035472E-16, -5.775000000000001243 ) ) ;
#170 = DIRECTION ( 'NONE',  ( 0.000000000000000000, 0.000000000000000000, 1.000000000000000000 ) ) ;
#171 = EDGE_CURVE ( 'NONE', #967, #769, #243, .T. ) ;
#172 = ORIENTED_EDGE ( 'NONE', *, *, #1005, .T. ) ;
#173 = AXIS2_PLACEMENT_3D ( 'NONE', #3081, #617, #1201 ) ;
#174 = CARTESIAN_POINT ( 'NONE',  ( 0.000000000000000000, -1.199999999926149030, -2.000000000000000000 ) ) ;
#175 = CARTESIAN_POINT ( 'NONE',  ( -4.400000000000000355, 0.2000000000000000111, -10.05000000000000249 ) ) ;
#176 = ORIENTED_EDGE ( 'NONE', *, *, #21, .T. ) ;
#177 = AXIS2_PLACEMENT_3D ( 'NONE', #1059, #275, #511 ) ;
#178 = AXIS2_PLACEMENT_3D ( 'NONE', #456, #1025, #1259 ) ;
#179 = AXIS2_PLACEMENT_3D ( 'NONE', #265, #1828, #2152 ) ;
#180 = CARTESIAN_POINT ( 'NONE',  ( 6.018531076210114778E-33, 0.05000000000000000278, -2.250000000000000444 ) ) ;
#181 = CARTESIAN_POINT ( 'NONE',  ( 0.7500000000000001110, 0.000000000000000000, -11.39999999999999858 ) ) ;
#182 = ORIENTED_EDGE ( 'NONE', *, *, #651, .F. ) ;
#183 = VECTOR ( 'NONE', #770, 1000.000000000000000 ) ;
#184 = ADVANCED_FACE ( 'NONE', ( #2963 ), #2169, .F. ) ;
#185 = DIRECTION ( 'NONE',  ( 1.000000000000000000, 0.000000000000000000, -0.000000000000000000 ) ) ;
#186 = FACE_OUTER_BOUND ( 'NONE', #785, .T. ) ;
#187 = AXIS2_PLACEMENT_3D ( 'NONE', #2143, #2701, #1888 ) ;
#188 = PRODUCT ( '(03-772)\X2\0160\X0\O\X2\0152\X0\`\X2\0192201a0192\X0\f\X2\01922039\X0\_2', '(03-772)\X2\0160\X0\O\X2\0152\X0\`\X2\0192201a0192\X0\f\X2\01922039\X0\_2', '', ( #3423 ) ) ;
#189 = CARTESIAN_POINT ( 'NONE',  ( 4.000000000000000888, 5.999999999999999112, -5.775000000000001243 ) ) ;
#190 = ORIENTED_EDGE ( 'NONE', *, *, #2768, .F. ) ;
#191 = ORIENTED_EDGE ( 'NONE', *, *, #2780, .T. ) ;
#192 = LINE ( 'NONE', #1566, #2247 ) ;
#193 = ORIENTED_EDGE ( 'NONE', *, *, #1915, .T. ) ;
#194 = CARTESIAN_POINT ( 'NONE',  ( -5.100000000000000533, 4.200000000000000178, -11.39999999999999858 ) ) ;
#195 = ORIENTED_EDGE ( 'NONE', *, *, #2148, .F. ) ;
#196 = DIRECTION ( 'NONE',  ( 0.000000000000000000, -0.000000000000000000, 1.000000000000000000 ) ) ;
#197 = CARTESIAN_POINT ( 'NONE',  ( 5.099999999999999645, 0.000000000000000000, -2.649999999999999467 ) ) ;
#198 = CARTESIAN_POINT ( 'NONE',  ( -3.862166607499088133, 0.000000000000000000, -9.946388987501519452 ) ) ;
#199 = ORIENTED_EDGE ( 'NONE', *, *, #2920, .T. ) ;
#200 = FACE_OUTER_BOUND ( 'NONE', #1015, .T. ) ;
#201 = DIRECTION ( 'NONE',  ( 2.168404344971008079E-15, 0.000000000000000000, -1.000000000000000000 ) ) ;
#202 = EDGE_CURVE ( 'NONE', #574, #2286, #1897, .T. ) ;
#203 = DIRECTION ( 'NONE',  ( 0.000000000000000000, 0.000000000000000000, 1.000000000000000000 ) ) ;
#204 = DIRECTION ( 'NONE',  ( -1.000000000000000000, 1.203706215242021751E-31, 0.000000000000000000 ) ) ;
#205 = ORIENTED_EDGE ( 'NONE', *, *, #1043, .T. ) ;
#206 = CARTESIAN_POINT ( 'NONE',  ( -3.900000000000000355, 0.2000000000000000111, -9.750000000000000000 ) ) ;
#207 = VERTEX_POINT ( 'NONE', #572 ) ;
#208 = CARTESIAN_POINT ( 'NONE',  ( -3.399999999999998579, 4.200000000000000178, -10.40000000000000213 ) ) ;
#209 = VERTEX_POINT ( 'NONE', #3280 ) ;
#210 = EDGE_CURVE ( 'NONE', #2378, #1507, #1656, .T. ) ;
#211 = FACE_OUTER_BOUND ( 'NONE', #1176, .T. ) ;
#212 = CARTESIAN_POINT ( 'NONE',  ( 0.3499999999999999778, 0.000000000000000000, -13.29999999999999893 ) ) ;
#213 = CARTESIAN_POINT ( 'NONE',  ( -3.862166607499088578, -1.355252715606880543E-17, -9.553611012498480548 ) ) ;
#214 = ORIENTED_EDGE ( 'NONE', *, *, #3369, .T. ) ;
#215 = AXIS2_PLACEMENT_3D ( 'NONE', #2003, #2468, #621 ) ;
#216 = EDGE_CURVE ( 'NONE', #723, #2028, #1383, .T. ) ;
#217 = EDGE_CURVE ( 'NONE', #2448, #249, #1636, .T. ) ;
#218 = LINE ( 'NONE', #2128, #465 ) ;
#219 = LINE ( 'NONE', #742, #1616 ) ;
#220 = PRESENTATION_STYLE_ASSIGNMENT (( #764 ) ) ;
#221 = CARTESIAN_POINT ( 'NONE',  ( -4.598598739689005122, 0.000000000000000000, -3.244658763256993428 ) ) ;
#222 = ORIENTED_EDGE ( 'NONE', *, *, #1263, .F. ) ;
#223 = LINE ( 'NONE', #1349, #10 ) ;
#224 = EDGE_LOOP ( 'NONE', ( #3368, #1054, #2877, #3360 ) ) ;
#225 = VECTOR ( 'NONE', #2567, 1000.000000000000000 ) ;
#226 = LINE ( 'NONE', #194, #2633 ) ;
#227 = EDGE_CURVE ( 'NONE', #2957, #1020, #822, .T. ) ;
#228 = ORIENTED_EDGE ( 'NONE', *, *, #730, .T. ) ;
#229 = ADVANCED_FACE ( 'NONE', ( #2150 ), #2481, .T. ) ;
#230 = CARTESIAN_POINT ( 'NONE',  ( 0.3499999999999999778, 0.3499999999999999778, -13.29999999999999893 ) ) ;
#231 = AXIS2_PLACEMENT_3D ( 'NONE', #2548, #584, #1150 ) ;
#232 = DIRECTION ( 'NONE',  ( 0.000000000000000000, 1.000000000000000000, -0.000000000000000000 ) ) ;
#233 = VECTOR ( 'NONE', #2209, 1000.000000000000000 ) ;
#234 = DIRECTION ( 'NONE',  ( 0.9786350530279720461, 0.000000000000000000, -0.2056050412439790753 ) ) ;
#235 = ORIENTED_EDGE ( 'NONE', *, *, #2002, .T. ) ;
#236 = CARTESIAN_POINT ( 'NONE',  ( 4.649999999999999467, 0.2999999999999999889, -3.000000000000000000 ) ) ;
#237 = AXIS2_PLACEMENT_3D ( 'NONE', #3425, #2621, #948 ) ;
#238 = CARTESIAN_POINT ( 'NONE',  ( -4.598598739689005122, -1.355252715606880543E-17, -2.755341236743007016 ) ) ;
#239 = FILL_AREA_STYLE_COLOUR ( '', #297 ) ;
#240 = DIRECTION ( 'NONE',  ( -1.000000000000000000, -0.000000000000000000, 0.000000000000000000 ) ) ;
#241 = AXIS2_PLACEMENT_3D ( 'NONE', #2026, #3123, #1805 ) ;
#242 = CARTESIAN_POINT ( 'NONE',  ( 6.018531076210114778E-33, 0.05000000000000000278, -3.750000000000000000 ) ) ;
#243 = LINE ( 'NONE', #2186, #3544 ) ;
#244 = ORIENTED_EDGE ( 'NONE', *, *, #2387, .T. ) ;
#245 = VECTOR ( 'NONE', #615, 1000.000000000000000 ) ;
#246 = DIRECTION ( 'NONE',  ( -0.000000000000000000, -0.000000000000000000, -1.000000000000000000 ) ) ;
#247 = ORIENTED_EDGE ( 'NONE', *, *, #1757, .T. ) ;
#248 = DIRECTION ( 'NONE',  ( 0.000000000000000000, 1.000000000000000000, 0.000000000000000000 ) ) ;
#249 = VERTEX_POINT ( 'NONE', #3528 ) ;
#250 = EDGE_CURVE ( 'NONE', #1749, #2782, #3244, .T. ) ;
#251 = EDGE_CURVE ( 'NONE', #3206, #1859, #1310, .T. ) ;
#252 = CARTESIAN_POINT ( 'NONE',  ( -3.999999999999995559, 6.000000000000000888, -12.19999999999999929 ) ) ;
#253 = FACE_OUTER_BOUND ( 'NONE', #3452, .T. ) ;
#254 = CARTESIAN_POINT ( 'NONE',  ( 2.900000000000000355, 0.000000000000000000, -9.050000000000000711 ) ) ;
#255 = ORIENTED_EDGE ( 'NONE', *, *, #480, .T. ) ;
#256 = CARTESIAN_POINT ( 'NONE',  ( 3.862166607499087689, 0.2000000000000000111, -9.553611012498478772 ) ) ;
#257 = VECTOR ( 'NONE', #2144, 1000.000000000000000 ) ;
#258 = CARTESIAN_POINT ( 'NONE',  ( -4.649999999999999467, 0.000000000000000000, -2.250000000000000444 ) ) ;
#259 =( NAMED_UNIT ( * ) PLANE_ANGLE_UNIT ( ) SI_UNIT ( $, .RADIAN. ) );
#260 = FACE_OUTER_BOUND ( 'NONE', #3108, .T. ) ;
#261 = ADVANCED_FACE ( 'NONE', ( #1877 ), #1063, .T. ) ;
#262 = EDGE_CURVE ( 'NONE', #967, #2317, #558, .T. ) ;
#263 = CARTESIAN_POINT ( 'NONE',  ( 4.598598739689005122, 0.2999999999999999889, -3.244658763256993428 ) ) ;
#264 = VERTEX_POINT ( 'NONE', #1708 ) ;
#265 = CARTESIAN_POINT ( 'NONE',  ( 6.018531076210114778E-33, 0.05000000000000000278, 0.000000000000000000 ) ) ;
#266 = ORIENTED_EDGE ( 'NONE', *, *, #2383, .T. ) ;
#267 = DIRECTION ( 'NONE',  ( 0.000000000000000000, 0.000000000000000000, -1.000000000000000000 ) ) ;
#268 = CARTESIAN_POINT ( 'NONE',  ( -3.999999999999996447, 9.629649721936179265E-31, -1.250000000000000000 ) ) ;
#269 = ORIENTED_EDGE ( 'NONE', *, *, #361, .F. ) ;
#270 = CARTESIAN_POINT ( 'NONE',  ( -3.399999999999999467, 0.2999999999999999889, -3.750000000000000000 ) ) ;
#271 = CARTESIAN_POINT ( 'NONE',  ( -3.399999999999999023, 0.000000000000000000, -2.250000000000000444 ) ) ;
#272 = DIRECTION ( 'NONE',  ( -0.000000000000000000, -1.000000000000000000, -0.000000000000000000 ) ) ;
#273 = EDGE_LOOP ( 'NONE', ( #3217, #331, #2202, #3402 ) ) ;
#274 = FACE_OUTER_BOUND ( 'NONE', #3019, .T. ) ;
#275 = DIRECTION ( 'NONE',  ( -1.000000000000000000, 1.203706215242022846E-31, 0.000000000000000000 ) ) ;
#276 = CARTESIAN_POINT ( 'NONE',  ( 2.000000000009549694, 2.999999999999999556, 2.700000000004365575 ) ) ;
#277 = EDGE_CURVE ( 'NONE', #2238, #1299, #589, .T. ) ;
#278 = ADVANCED_FACE ( 'NONE', ( #855 ), #1439, .F. ) ;
#279 = AXIS2_PLACEMENT_3D ( 'NONE', #1457, #1906, #2194 ) ;
#280 = CARTESIAN_POINT ( 'NONE',  ( -5.099999999999999645, 0.2999999999999999889, -2.250000000000000888 ) ) ;
#281 = FACE_OUTER_BOUND ( 'NONE', #3307, .T. ) ;
#282 = ORIENTED_EDGE ( 'NONE', *, *, #3369, .F. ) ;
#283 = CARTESIAN_POINT ( 'NONE',  ( -3.399999999999999911, 8.673617379884035472E-16, -12.19999999999999929 ) ) ;
#284 = ORIENTED_EDGE ( 'NONE', *, *, #463, .F. ) ;
#285 = EDGE_CURVE ( 'NONE', #1771, #2217, #2858, .T. ) ;
#286 = DIRECTION ( 'NONE',  ( -0.000000000000000000, 1.000000000000000000, 0.000000000000000000 ) ) ;
#287 = ORIENTED_EDGE ( 'NONE', *, *, #166, .T. ) ;
#288 = CIRCLE ( 'NONE', #3339, 0.2500000000000002220 ) ;
#289 = FACE_OUTER_BOUND ( 'NONE', #1499, .T. ) ;
#290 = LINE ( 'NONE', #3271, #1266 ) ;
#291 = ORIENTED_EDGE ( 'NONE', *, *, #1016, .T. ) ;
#292 = VECTOR ( 'NONE', #3336, 1000.000000000000000 ) ;
#293 = VERTEX_POINT ( 'NONE', #3121 ) ;
#294 = CARTESIAN_POINT ( 'NONE',  ( 0.000000000000000000, -0.9999999999999993339, -7.700000000080307494 ) ) ;
#295 = DIRECTION ( 'NONE',  ( 0.000000000000000000, 1.000000000000000000, 0.000000000000000000 ) ) ;
#296 = DIRECTION ( 'NONE',  ( -0.000000000000000000, -1.000000000000000000, -0.000000000000000000 ) ) ;
#297 = COLOUR_RGB ( '',1.000000000000000000, 1.000000000000000000, 0.000000000000000000 ) ;
#298 = AXIS2_PLACEMENT_3D ( 'NONE', #1177, #1477, #2590 ) ;
#299 = PLANE ( 'NONE',  #2504 ) ;
#300 = DIRECTION ( 'NONE',  ( 1.000000000000000000, 0.000000000000000000, -0.000000000000000000 ) ) ;
#301 = VERTEX_POINT ( 'NONE', #3361 ) ;
#302 = LINE ( 'NONE', #2240, #871 ) ;
#303 = ORIENTED_EDGE ( 'NONE', *, *, #2803, .F. ) ;
#304 =( NAMED_UNIT ( * ) SI_UNIT ( $, .STERADIAN. ) SOLID_ANGLE_UNIT ( ) );
#305 = VERTEX_POINT ( 'NONE', #387 ) ;
#306 = AXIS2_PLACEMENT_3D ( 'NONE', #919, #2020, #3471 ) ;
#307 = DIRECTION ( 'NONE',  ( 2.168404344971008868E-16, 1.000000000000000000, 0.000000000000000000 ) ) ;
#308 = DIRECTION ( 'NONE',  ( 1.000000000000000000, 0.000000000000000000, 0.000000000000000000 ) ) ;
#309 = ORIENTED_EDGE ( 'NONE', *, *, #1128, .F. ) ;
#310 = VERTEX_POINT ( 'NONE', #1726 ) ;
#311 = PLANE ( 'NONE',  #863 ) ;
#312 = CARTESIAN_POINT ( 'NONE',  ( 0.000000000000000000, 2.999999999999999556, -11.30000000000000071 ) ) ;
#313 = CARTESIAN_POINT ( 'NONE',  ( -3.399999999999999467, 0.05000000000000000278, -3.750000000000000000 ) ) ;
#314 = LINE ( 'NONE', #905, #132 ) ;
#315 = CARTESIAN_POINT ( 'NONE',  ( 2.800000000000000266, 2.999999999999999556, 2.700000000000000178 ) ) ;
#316 = ORIENTED_EDGE ( 'NONE', *, *, #1100, .T. ) ;
#317 = CARTESIAN_POINT ( 'NONE',  ( 0.000000000000000000, -0.9999999999763531378, -1.400000000046475179 ) ) ;
#318 = VERTEX_POINT ( 'NONE', #888 ) ;
#319 =( LENGTH_UNIT ( ) NAMED_UNIT ( * ) SI_UNIT ( .MILLI., .METRE. ) );
#320 = VERTEX_POINT ( 'NONE', #2552 ) ;
#321 = AXIS2_PLACEMENT_3D ( 'NONE', #1790, #1511, #2635 ) ;
#322 = DIRECTION ( 'NONE',  ( -1.445602896647339163E-16, -1.000000000000000000, 0.000000000000000000 ) ) ;
#323 = DIRECTION ( 'NONE',  ( 0.000000000000000000, 0.000000000000000000, -1.000000000000000000 ) ) ;
#324 = LINE ( 'NONE', #1053, #125 ) ;
#325 = ORIENTED_EDGE ( 'NONE', *, *, #123, .T. ) ;
#326 = DIRECTION ( 'NONE',  ( 0.000000000000000000, -1.000000000000000000, -0.000000000000000000 ) ) ;
#327 = FACE_OUTER_BOUND ( 'NONE', #3044, .T. ) ;
#328 = ORIENTED_EDGE ( 'NONE', *, *, #2639, .F. ) ;
#329 = FACE_OUTER_BOUND ( 'NONE', #457, .T. ) ;
#330 = CARTESIAN_POINT ( 'NONE',  ( -3.000000000000000000, 8.999999999999996447, 2.617157287525380571 ) ) ;
#331 = ORIENTED_EDGE ( 'NONE', *, *, #392, .F. ) ;
#332 = VECTOR ( 'NONE', #1225, 1000.000000000000000 ) ;
#333 = DIRECTION ( 'NONE',  ( -0.9786350530279723792, 0.000000000000000000, 0.2056050412439770492 ) ) ;
#334 = EDGE_LOOP ( 'NONE', ( #2779, #193, #552, #2864, #2101 ) ) ;
#335 = ORIENTED_EDGE ( 'NONE', *, *, #1915, .F. ) ;
#336 = CARTESIAN_POINT ( 'NONE',  ( 4.000000000000000888, -8.673617379884035472E-16, -5.775000000000001243 ) ) ;
#337 = ORIENTED_EDGE ( 'NONE', *, *, #1876, .T. ) ;
#338 = ADVANCED_FACE ( 'NONE', ( #76 ), #1402, .F. ) ;
#339 = PRODUCT_DEFINITION ( 'UNKNOWN', '', #438, #964 ) ;
#340 = EDGE_LOOP ( 'NONE', ( #2431, #1442, #75, #2513 ) ) ;
#341 = CYLINDRICAL_SURFACE ( 'NONE', #1716, 0.5999999999999998668 ) ;
#342 = CARTESIAN_POINT ( 'NONE',  ( -2.900000000000000355, 2.076393221292489530E-31, -10.45000000000000107 ) ) ;
#343 = LINE ( 'NONE', #1434, #717 ) ;
#344 = ORIENTED_EDGE ( 'NONE', *, *, #3487, .F. ) ;
#345 = VECTOR ( 'NONE', #1094, 1000.000000000000000 ) ;
#346 = DIRECTION ( 'NONE',  ( -1.000000000000000000, 0.000000000000000000, -0.000000000000000000 ) ) ;
#347 = DIRECTION ( 'NONE',  ( 1.000000000000000000, 0.000000000000000000, -1.239088197126293430E-15 ) ) ;
#348 = DIRECTION ( 'NONE',  ( -0.000000000000000000, -0.000000000000000000, -1.000000000000000000 ) ) ;
#349 = MECHANICAL_DESIGN_GEOMETRIC_PRESENTATION_REPRESENTATION (  '', ( #973 ), #1600 ) ;
#350 = CIRCLE ( 'NONE', #1782, 2.000000000009549694 ) ;
#351 = EDGE_LOOP ( 'NONE', ( #1424, #68, #1933, #1184 ) ) ;
#352 = AXIS2_PLACEMENT_3D ( 'NONE', #2731, #3213, #2980 ) ;
#353 = CARTESIAN_POINT ( 'NONE',  ( -4.400000000000000355, 0.2000000000000000111, -9.449999999999999289 ) ) ;
#354 = EDGE_LOOP ( 'NONE', ( #613, #359, #1691, #2344 ) ) ;
#355 = ORIENTED_EDGE ( 'NONE', *, *, #870, .F. ) ;
#356 = CIRCLE ( 'NONE', #821, 2.000000000009549694 ) ;
#357 = ADVANCED_FACE ( 'NONE', ( #1473 ), #2514, .T. ) ;
#358 = CARTESIAN_POINT ( 'NONE',  ( 0.000000000000000000, 0.000000000000000000, -2.000000000000000000 ) ) ;
#359 = ORIENTED_EDGE ( 'NONE', *, *, #766, .T. ) ;
#360 = ADVANCED_FACE ( 'NONE', ( #1116 ), #26, .T. ) ;
#361 = EDGE_CURVE ( 'NONE', #2145, #2848, #369, .T. ) ;
#362 = CONICAL_SURFACE ( 'NONE', #2657, 0.5999999999433385245, 0.7853981633974482790 ) ;
#363 = AXIS2_PLACEMENT_3D ( 'NONE', #2464, #2404, #725 ) ;
#364 =( REPRESENTATION_RELATIONSHIP ('NONE','NONE', #1821, #2334 ) REPRESENTATION_RELATIONSHIP_WITH_TRANSFORMATION ( #2285 )SHAPE_REPRESENTATION_RELATIONSHIP( ) );
#365 = ORIENTED_EDGE ( 'NONE', *, *, #2751, .F. ) ;
#366 = CARTESIAN_POINT ( 'NONE',  ( -4.400000000000000355, 0.000000000000000000, -9.750000000000000000 ) ) ;
#367 = DIRECTION ( 'NONE',  ( 1.349979358736815240E-16, -2.927301107106086615E-32, 1.000000000000000000 ) ) ;
#368 = DIRECTION ( 'NONE',  ( -0.000000000000000000, -1.000000000000000000, -0.000000000000000000 ) ) ;
#369 = LINE ( 'NONE', #1676, #703 ) ;
#370 = PLANE ( 'NONE',  #279 ) ;
#371 = CARTESIAN_POINT ( 'NONE',  ( -3.000000000000000444, 3.000000000000000000, 2.500000000000000000 ) ) ;
#372 = ORIENTED_EDGE ( 'NONE', *, *, #3046, .T. ) ;
#373 = EDGE_CURVE ( 'NONE', #2328, #1771, #3529, .T. ) ;
#374 = CARTESIAN_POINT ( 'NONE',  ( -3.399999999999998579, 5.782411586589356653E-16, -5.774999999999999467 ) ) ;
#375 = EDGE_LOOP ( 'NONE', ( #2516, #759, #1882, #1379 ) ) ;
#376 = VECTOR ( 'NONE', #2399, 1000.000000000000227 ) ;
#377 = APPLICATION_PROTOCOL_DEFINITION ( 'draft international standard', 'automotive_design', 1998, #2663 ) ;
#378 = EDGE_CURVE ( 'NONE', #264, #2217, #1419, .T. ) ;
#379 = CARTESIAN_POINT ( 'NONE',  ( -3.399999999999999467, 2.226856498197742331E-31, -3.750000000000000000 ) ) ;
#380 = EDGE_CURVE ( 'NONE', #1039, #1567, #314, .T. ) ;
#381 = VERTEX_POINT ( 'NONE', #2001 ) ;
#382 = VERTEX_POINT ( 'NONE', #39 ) ;
#383 = FACE_OUTER_BOUND ( 'NONE', #1370, .T. ) ;
#384 = CARTESIAN_POINT ( 'NONE',  ( 5.100000000000000533, 0.2999999999999999889, -3.349999999999999645 ) ) ;
#385 = DIRECTION ( 'NONE',  ( 0.000000000000000000, 0.000000000000000000, 1.000000000000000000 ) ) ;
#386 = ORIENTED_EDGE ( 'NONE', *, *, #17, .F. ) ;
#387 = CARTESIAN_POINT ( 'NONE',  ( 4.598598739689005122, 0.2999999999999999889, -3.244658763256993428 ) ) ;
#388 = EDGE_CURVE ( 'NONE', #305, #1086, #1041, .T. ) ;
#389 = LINE ( 'NONE', #2318, #3405 ) ;
#390 = FACE_OUTER_BOUND ( 'NONE', #2170, .T. ) ;
#391 = VERTEX_POINT ( 'NONE', #638 ) ;
#392 = EDGE_CURVE ( 'NONE', #464, #2839, #2296, .T. ) ;
#393 = PRODUCT ( '(03-772)\X2\0160\X0\O\X2\0152\X0\`\X2\0192201a0192\X0\f\X2\01922039\X0\_5', '(03-772)\X2\0160\X0\O\X2\0152\X0\`\X2\0192201a0192\X0\f\X2\01922039\X0\_5', '', ( #1243 ) ) ;
#394 = CARTESIAN_POINT ( 'NONE',  ( -3.399999999999999911, 3.851859888774471706E-31, -12.19999999999999929 ) ) ;
#395 = ORIENTED_EDGE ( 'NONE', *, *, #2480, .T. ) ;
#396 = SHAPE_DEFINITION_REPRESENTATION ( #2405, #1974 ) ;
#397 = ORIENTED_EDGE ( 'NONE', *, *, #2510, .T. ) ;
#398 = ADVANCED_FACE ( 'NONE', ( #1134 ), #2236, .F. ) ;
#399 = CARTESIAN_POINT ( 'NONE',  ( 2.900000000000000355, 0.2000000000000000111, -9.750000000000000000 ) ) ;
#400 = ORIENTED_EDGE ( 'NONE', *, *, #250, .F. ) ;
#401 = PRODUCT_DEFINITION_CONTEXT ( 'detailed design', #1994, 'design' ) ;
#402 = ORIENTED_EDGE ( 'NONE', *, *, #1353, .T. ) ;
#403 = CARTESIAN_POINT ( 'NONE',  ( -5.099999999999999645, 0.2999999999999999889, -3.750000000000000000 ) ) ;
#404 = DIRECTION ( 'NONE',  ( -0.000000000000000000, -0.000000000000000000, -1.000000000000000000 ) ) ;
#405 = CARTESIAN_POINT ( 'NONE',  ( 4.400000000000000355, 0.2000000000000000111, -9.050000000000000711 ) ) ;
#406 = ORIENTED_EDGE ( 'NONE', *, *, #250, .T. ) ;
#407 = VECTOR ( 'NONE', #2476, 1000.000000000000000 ) ;
#408 = CARTESIAN_POINT ( 'NONE',  ( 4.000000000000004441, 5.999999999999999112, 0.000000000000000000 ) ) ;
#409 = DIRECTION ( 'NONE',  ( 0.000000000000000000, -0.000000000000000000, -1.000000000000000000 ) ) ;
#410 = ADVANCED_FACE ( 'NONE', ( #329 ), #3085, .F. ) ;
#411 = AXIS2_PLACEMENT_3D ( 'NONE', #2784, #2806, #2747 ) ;
#412 = EDGE_CURVE ( 'NONE', #1397, #3387, #674, .T. ) ;
#413 = DIRECTION ( 'NONE',  ( 1.000000000000000000, 0.000000000000000000, -0.000000000000000000 ) ) ;
#414 = DIRECTION ( 'NONE',  ( 1.000000000000000000, 0.000000000000000000, 0.000000000000000000 ) ) ;
#415 = CONTEXT_DEPENDENT_SHAPE_REPRESENTATION ( #3507, #159 ) ;
#416 = ORIENTED_EDGE ( 'NONE', *, *, #611, .T. ) ;
#417 = AXIS2_PLACEMENT_3D ( 'NONE', #1138, #1640, #827 ) ;
#418 = CARTESIAN_POINT ( 'NONE',  ( 4.649999999999999467, 0.2999999999999999889, -3.750000000000000000 ) ) ;
#419 = VECTOR ( 'NONE', #3454, 1000.000000000000000 ) ;
#420 = ORIENTED_EDGE ( 'NONE', *, *, #2029, .T. ) ;
#421 = EDGE_CURVE ( 'NONE', #1427, #1249, #2422, .T. ) ;
#422 = CARTESIAN_POINT ( 'NONE',  ( -3.999999999999998224, 6.000000000000000888, -4.750000000000000888 ) ) ;
#423 = DIRECTION ( 'NONE',  ( -0.000000000000000000, -0.000000000000000000, -1.000000000000000000 ) ) ;
#424 = AXIS2_PLACEMENT_3D ( 'NONE', #620, #1276, #941 ) ;
#425 = LINE ( 'NONE', #2316, #2388 ) ;
#426 = VERTEX_POINT ( 'NONE', #3523 ) ;
#427 = CARTESIAN_POINT ( 'NONE',  ( -3.000000000000000444, 2.999999999999999556, 0.000000000000000000 ) ) ;
#428 = CARTESIAN_POINT ( 'NONE',  ( -3.999999999999995559, 6.000000000000000888, -1.250000000000000000 ) ) ;
#429 = FACE_OUTER_BOUND ( 'NONE', #1332, .T. ) ;
#430 = CARTESIAN_POINT ( 'NONE',  ( 0.000000000000000000, 0.3499999999999999778, -13.29999999999999893 ) ) ;
#431 = SHAPE_DEFINITION_REPRESENTATION ( #1582, #5 ) ;
#432 = EDGE_LOOP ( 'NONE', ( #529, #3288, #3272, #1198 ) ) ;
#433 = DIRECTION ( 'NONE',  ( 0.000000000000000000, 0.000000000000000000, 1.000000000000000000 ) ) ;
#434 = VECTOR ( 'NONE', #1045, 1000.000000000000000 ) ;
#435 = LINE ( 'NONE', #3391, #2189 ) ;
#436 = CARTESIAN_POINT ( 'NONE',  ( 3.900000000000000355, 0.000000000000000000, -9.750000000000000000 ) ) ;
#437 = ORIENTED_EDGE ( 'NONE', *, *, #1297, .T. ) ;
#438 = PRODUCT_DEFINITION_FORMATION_WITH_SPECIFIED_SOURCE ( 'ANY', '', #3508, .NOT_KNOWN. ) ;
#439 = EDGE_CURVE ( 'NONE', #769, #2957, #1040, .T. ) ;
#440 = CARTESIAN_POINT ( 'NONE',  ( -4.598598739689005122, 0.2999999999999999889, -3.244658763256993428 ) ) ;
#441 = FACE_OUTER_BOUND ( 'NONE', #1081, .T. ) ;
#442 = CARTESIAN_POINT ( 'NONE',  ( 7.347880794884117764E-17, 0.000000000000000000, -2.600000000000000089 ) ) ;
#443 = DIRECTION ( 'NONE',  ( -1.000000000000000000, -0.000000000000000000, -0.000000000000000000 ) ) ;
#444 = ORIENTED_EDGE ( 'NONE', *, *, #277, .T. ) ;
#445 = DIRECTION ( 'NONE',  ( 0.000000000000000000, -1.000000000000000000, 0.000000000000000000 ) ) ;
#446 = PRODUCT_DEFINITION_SHAPE ( 'NONE', 'NONE',  #2943 ) ;
#447 = DIRECTION ( 'NONE',  ( 1.000000000000000000, -1.203706215242022189E-31, 0.000000000000000000 ) ) ;
#448 = ORIENTED_EDGE ( 'NONE', *, *, #2681, .T. ) ;
#449 = ADVANCED_FACE ( 'NONE', ( #1591 ), #3239, .F. ) ;
#450 = AXIS2_PLACEMENT_3D ( 'NONE', #2820, #2173, #347 ) ;
#451 = LINE ( 'NONE', #1506, #1544 ) ;
#452 = FACE_OUTER_BOUND ( 'NONE', #1638, .T. ) ;
#453 = ORIENTED_EDGE ( 'NONE', *, *, #2691, .F. ) ;
#454 = LINE ( 'NONE', #1474, #332 ) ;
#455 = LINE ( 'NONE', #3064, #1899 ) ;
#456 = CARTESIAN_POINT ( 'NONE',  ( 3.299999999999998490, -8.673617379884035472E-16, -5.775000000000001243 ) ) ;
#457 = EDGE_LOOP ( 'NONE', ( #3408, #958, #28, #2772 ) ) ;
#458 = ORIENTED_EDGE ( 'NONE', *, *, #1328, .T. ) ;
#459 = VECTOR ( 'NONE', #1452, 1000.000000000000000 ) ;
#460 = CARTESIAN_POINT ( 'NONE',  ( -3.399999999999999467, 0.2999999999999999889, -2.250000000000000444 ) ) ;
#461 = VERTEX_POINT ( 'NONE', #1322 ) ;
#462 = DIRECTION ( 'NONE',  ( -1.000000000000000000, 2.168404344971008868E-16, 0.000000000000000000 ) ) ;
#463 = EDGE_CURVE ( 'NONE', #2835, #79, #2722, .T. ) ;
#464 = VERTEX_POINT ( 'NONE', #2440 ) ;
#465 = VECTOR ( 'NONE', #2183, 1000.000000000000114 ) ;
#466 = VECTOR ( 'NONE', #800, 1000.000000000000000 ) ;
#467 = VECTOR ( 'NONE', #101, 1000.000000000000000 ) ;
#468 = EDGE_CURVE ( 'NONE', #2867, #1313, #3255, .T. ) ;
#469 = PLANE ( 'NONE',  #825 ) ;
#470 = EDGE_CURVE ( 'NONE', #2530, #2238, #3539, .T. ) ;
#471 = DIRECTION ( 'NONE',  ( 1.000000000000000000, -1.203706215242022408E-31, 0.000000000000000000 ) ) ;
#472 = ORIENTED_EDGE ( 'NONE', *, *, #1250, .F. ) ;
#473 = VECTOR ( 'NONE', #3397, 1000.000000000000114 ) ;
#474 = CARTESIAN_POINT ( 'NONE',  ( 4.598598739689005122, 0.000000000000000000, -2.755341236743007016 ) ) ;
#475 = LINE ( 'NONE', #1874, #3478 ) ;
#476 = AXIS2_PLACEMENT_3D ( 'NONE', #1717, #1107, #1371 ) ;
#477 = LINE ( 'NONE', #2372, #2190 ) ;
#478 = PLANE ( 'NONE',  #32 ) ;
#479 = ORIENTED_EDGE ( 'NONE', *, *, #1043, .F. ) ;
#480 = EDGE_CURVE ( 'NONE', #1590, #1102, #826, .T. ) ;
#481 = PLANE ( 'NONE',  #3281 ) ;
#482 = ORIENTED_EDGE ( 'NONE', *, *, #1236, .F. ) ;
#483 = CARTESIAN_POINT ( 'NONE',  ( 2.800000000000000266, -2.600000000000000533, 2.700000000000000178 ) ) ;
#484 = ORIENTED_EDGE ( 'NONE', *, *, #2704, .T. ) ;
#485 = ADVANCED_FACE ( 'NONE', ( #2960 ), #1823, .F. ) ;
#486 = ADVANCED_FACE ( 'NONE', ( #2707 ), #2385, .T. ) ;
#487 = DIRECTION ( 'NONE',  ( -0.000000000000000000, -1.000000000000000000, -0.000000000000000000 ) ) ;
#488 = CARTESIAN_POINT ( 'NONE',  ( 2.899999999999999911, 8.827178911774842671E-32, -10.45000000000000107 ) ) ;
#489 = CARTESIAN_POINT ( 'NONE',  ( -0.7500000000000000000, 0.3499999999999999778, -11.39999999999999858 ) ) ;
#490 = ORIENTED_EDGE ( 'NONE', *, *, #3556, .T. ) ;
#491 =( BOUNDED_CURVE ( )  B_SPLINE_CURVE ( 3, ( #24, #2775, #2253, #3300 ),
 .UNSPECIFIED., .F., .T. ) 
 B_SPLINE_CURVE_WITH_KNOTS ( ( 4, 4 ),
 ( 0.000000000000000000, 1.000000000000000000 ),
 .UNSPECIFIED. ) 
 CURVE ( )  GEOMETRIC_REPRESENTATION_ITEM ( )  RATIONAL_B_SPLINE_CURVE ( ( 1.000000000000000000, 0.3333333333333333703, 0.3333333333333333703, 1.000000000000000000 ) ) 
 REPRESENTATION_ITEM ( '' )  );
#492 = SURFACE_STYLE_USAGE ( .BOTH. , #1326 ) ;
#493 = FILL_AREA_STYLE ('',( #762 ) ) ;
#494 = VECTOR ( 'NONE', #3157, 1000.000000000000000 ) ;
#495 = ADVANCED_FACE ( 'NONE', ( #186 ), #3494, .F. ) ;
#496 = DIRECTION ( 'NONE',  ( -0.000000000000000000, -0.000000000000000000, -1.000000000000000000 ) ) ;
#497 = CARTESIAN_POINT ( 'NONE',  ( -2.900000000000000355, 0.05000000000000000278, 0.000000000000000000 ) ) ;
#498 = ORIENTED_EDGE ( 'NONE', *, *, #1644, .F. ) ;
#499 = EDGE_CURVE ( 'NONE', #3091, #3548, #475, .T. ) ;
#500 = CARTESIAN_POINT ( 'NONE',  ( -3.999999999999995559, 6.000000000000000888, -4.750000000000001776 ) ) ;
#501 = ORIENTED_EDGE ( 'NONE', *, *, #2412, .T. ) ;
#502 = CARTESIAN_POINT ( 'NONE',  ( 0.000000000000000000, -1.199999999926149030, -7.900000000006457412 ) ) ;
#503 = ORIENTED_EDGE ( 'NONE', *, *, #499, .F. ) ;
#504 = FACE_OUTER_BOUND ( 'NONE', #2703, .T. ) ;
#505 = CARTESIAN_POINT ( 'NONE',  ( 0.000000000000000000, -0.9999999999763531378, -2.000000000000000000 ) ) ;
#506 = CARTESIAN_POINT ( 'NONE',  ( 2.000000000009549694, 2.999999999999999556, 2.700000000004365575 ) ) ;
#507 = ORIENTED_EDGE ( 'NONE', *, *, #2521, .F. ) ;
#508 = DIRECTION ( 'NONE',  ( 1.349979358736815487E-16, -2.927301107106087163E-32, 1.000000000000000000 ) ) ;
#509 = VECTOR ( 'NONE', #1822, 1000.000000000000000 ) ;
#510 = LINE ( 'NONE', #1651, #2932 ) ;
#511 = DIRECTION ( 'NONE',  ( -1.203706215242022846E-31, -1.000000000000000000, 0.000000000000000000 ) ) ;
#512 = CARTESIAN_POINT ( 'NONE',  ( -4.649999999999999467, 0.2999999999999999889, -3.000000000000000000 ) ) ;
#513 = PLANE ( 'NONE',  #2762 ) ;
#514 = CARTESIAN_POINT ( 'NONE',  ( 4.400000000000000355, 0.2000000000000000111, -9.050000000000000711 ) ) ;
#515 = ADVANCED_FACE ( 'NONE', ( #441 ), #3208, .T. ) ;
#516 = EDGE_CURVE ( 'NONE', #2488, #2835, #2259, .T. ) ;
#517 = VERTEX_POINT ( 'NONE', #3241 ) ;
#518 = DIRECTION ( 'NONE',  ( 0.000000000000000000, -1.000000000000000000, 0.000000000000000000 ) ) ;
#519 = VERTEX_POINT ( 'NONE', #1060 ) ;
#520 = CARTESIAN_POINT ( 'NONE',  ( 3.400000000000003020, 4.200000000000000178, -10.40000000000000213 ) ) ;
#521 = AXIS2_PLACEMENT_3D ( 'NONE', #2469, #1269, #3148 ) ;
#522 = ORIENTED_EDGE ( 'NONE', *, *, #3551, .F. ) ;
#523 =( GEOMETRIC_REPRESENTATION_CONTEXT ( 3 ) GLOBAL_UNCERTAINTY_ASSIGNED_CONTEXT ( ( #2088 ) ) GLOBAL_UNIT_ASSIGNED_CONTEXT ( ( #319, #3348, #2575 ) ) REPRESENTATION_CONTEXT ( 'NONE', 'WORKASPACE' ) );
#524 = DIRECTION ( 'NONE',  ( -0.9786350530279720461, -0.000000000000000000, 0.2056050412439790753 ) ) ;
#525 = AXIS2_PLACEMENT_3D ( 'NONE', #1652, #884, #618 ) ;
#526 = CARTESIAN_POINT ( 'NONE',  ( -3.999999999999995559, 6.000000000000000888, 0.000000000000000000 ) ) ;
#527 = AXIS2_PLACEMENT_3D ( 'NONE', #1227, #1857, #1008 ) ;
#528 = CARTESIAN_POINT ( 'NONE',  ( 1.800000000000000266, 2.999999999999999556, -11.30000000000000071 ) ) ;
#529 = ORIENTED_EDGE ( 'NONE', *, *, #1720, .F. ) ;
#530 = ADVANCED_FACE ( 'NONE', ( #1528 ), #2129, .F. ) ;
#531 = DIRECTION ( 'NONE',  ( 0.000000000000000000, -1.000000000000000000, 0.000000000000000000 ) ) ;
#532 = APPLICATION_CONTEXT ( 'automotive_design' ) ;
#533 = EDGE_CURVE ( 'NONE', #3459, #1102, #219, .T. ) ;
#534 = AXIS2_PLACEMENT_3D ( 'NONE', #732, #518, #2928 ) ;
#535 = CARTESIAN_POINT ( 'NONE',  ( 2.899999999999999911, 1.324076836766226401E-31, -1.250000000000000000 ) ) ;
#536 = DIRECTION ( 'NONE',  ( 0.000000000000000000, -1.000000000000000000, -0.000000000000000000 ) ) ;
#537 = LINE ( 'NONE', #820, #2585 ) ;
#538 = VECTOR ( 'NONE', #1784, 1000.000000000000000 ) ;
#539 = LINE ( 'NONE', #2389, #2938 ) ;
#540 = CARTESIAN_POINT ( 'NONE',  ( 4.000000000000000000, 0.000000000000000000, -1.250000000000000000 ) ) ;
#541 = EDGE_LOOP ( 'NONE', ( #666, #2546, #3004, #3034 ) ) ;
#542 = CONICAL_SURFACE ( 'NONE', #1386, 0.5999999999535248207, 0.7853981633974482790 ) ;
#543 = VECTOR ( 'NONE', #3225, 1000.000000000000000 ) ;
#544 = DIRECTION ( 'NONE',  ( -1.000000000000000000, 1.203706215242022846E-31, -0.000000000000000000 ) ) ;
#545 = ORIENTED_EDGE ( 'NONE', *, *, #3395, .T. ) ;
#546 = LINE ( 'NONE', #2280, #796 ) ;
#547 = LINE ( 'NONE', #2155, #2125 ) ;
#548 = ORIENTED_EDGE ( 'NONE', *, *, #1000, .T. ) ;
#549 = DIRECTION ( 'NONE',  ( 0.000000000000000000, -0.000000000000000000, 1.000000000000000000 ) ) ;
#550 = CARTESIAN_POINT ( 'NONE',  ( -3.399999999999998135, 6.000000000000000888, -10.40000000000000213 ) ) ;
#551 = DIRECTION ( 'NONE',  ( -1.000000000000000000, -0.000000000000000000, 0.000000000000000000 ) ) ;
#552 = ORIENTED_EDGE ( 'NONE', *, *, #2127, .T. ) ;
#553 = VECTOR ( 'NONE', #2901, 1000.000000000000114 ) ;
#554 = LINE ( 'NONE', #3, #407 ) ;
#555 = SURFACE_STYLE_FILL_AREA ( #1893 ) ;
#556 = FILL_AREA_STYLE_COLOUR ( '', #3510 ) ;
#557 = EDGE_CURVE ( 'NONE', #1988, #912, #2167, .T. ) ;
#558 = LINE ( 'NONE', #540, #2961 ) ;
#559 = DIRECTION ( 'NONE',  ( 0.000000000000000000, 0.000000000000000000, 1.000000000000000000 ) ) ;
#560 = EDGE_LOOP ( 'NONE', ( #2542, #165, #3356, #1758 ) ) ;
#561 = DIRECTION ( 'NONE',  ( -2.168404344971008868E-16, -1.000000000000000000, 0.000000000000000000 ) ) ;
#562 = VERTEX_POINT ( 'NONE', #1562 ) ;
#563 = CARTESIAN_POINT ( 'NONE',  ( -2.900000000000000355, 0.000000000000000000, -9.050000000000000711 ) ) ;
#564 = DIRECTION ( 'NONE',  ( 0.000000000000000000, 0.000000000000000000, 1.000000000000000000 ) ) ;
#565 = VERTEX_POINT ( 'NONE', #1576 ) ;
#566 = PLANE ( 'NONE',  #3517 ) ;
#567 = DIRECTION ( 'NONE',  ( 1.000000000000000000, -1.203706215242022846E-31, 0.000000000000000000 ) ) ;
#568 = ORIENTED_EDGE ( 'NONE', *, *, #1767, .T. ) ;
#569 = ORIENTED_EDGE ( 'NONE', *, *, #701, .T. ) ;
#570 = LINE ( 'NONE', #3299, #292 ) ;
#571 = FACE_OUTER_BOUND ( 'NONE', #3232, .T. ) ;
#572 = CARTESIAN_POINT ( 'NONE',  ( -0.3499999999999998668, 0.3499999999999999778, -13.29999999999999893 ) ) ;
#573 = DIRECTION ( 'NONE',  ( -0.000000000000000000, 1.000000000000000000, 0.000000000000000000 ) ) ;
#574 = VERTEX_POINT ( 'NONE', #3476 ) ;
#575 = FACE_OUTER_BOUND ( 'NONE', #2188, .T. ) ;
#576 = ORIENTED_EDGE ( 'NONE', *, *, #3344, .F. ) ;
#577 = ORIENTED_EDGE ( 'NONE', *, *, #2577, .T. ) ;
#578 = CARTESIAN_POINT ( 'NONE',  ( 3.400000000000000799, -8.673617379884035472E-16, -5.775000000000001243 ) ) ;
#579 = FACE_OUTER_BOUND ( 'NONE', #2117, .T. ) ;
#580 = ORIENTED_EDGE ( 'NONE', *, *, #3277, .F. ) ;
#581 = AXIS2_PLACEMENT_3D ( 'NONE', #1925, #64, #3021 ) ;
#582 = ORIENTED_EDGE ( 'NONE', *, *, #2912, .F. ) ;
#583 = CARTESIAN_POINT ( 'NONE',  ( 0.000000000000000000, -1.199999999999999956, -1.400000000000000133 ) ) ;
#584 = DIRECTION ( 'NONE',  ( 0.1891669625045536152, 0.000000000000000000, 0.9819449375075981479 ) ) ;
#585 = DIRECTION ( 'NONE',  ( -0.000000000000000000, -1.000000000000000000, 0.000000000000000000 ) ) ;
#586 = VECTOR ( 'NONE', #367, 1000.000000000000000 ) ;
#587 =( GEOMETRIC_REPRESENTATION_CONTEXT ( 3 ) GLOBAL_UNCERTAINTY_ASSIGNED_CONTEXT ( ( #2345 ) ) GLOBAL_UNIT_ASSIGNED_CONTEXT ( ( #3243, #2168, #3561 ) ) REPRESENTATION_CONTEXT ( 'NONE', 'WORKASPACE' ) );
#588 = CONICAL_SURFACE ( 'NONE', #1317, 0.5999999999433385245, 0.7853981633974482790 ) ;
#589 = LINE ( 'NONE', #1746, #1401 ) ;
#590 = CYLINDRICAL_SURFACE ( 'NONE', #3116, 0.2000000000000005107 ) ;
#591 = ORIENTED_EDGE ( 'NONE', *, *, #2525, .T. ) ;
#592 = DIRECTION ( 'NONE',  ( -1.000000000000000000, 2.168404344971008868E-16, 1.349979358736815240E-16 ) ) ;
#593 = ORIENTED_EDGE ( 'NONE', *, *, #463, .T. ) ;
#594 = DIRECTION ( 'NONE',  ( 0.000000000000000000, 0.000000000000000000, 1.000000000000000000 ) ) ;
#595 = ADVANCED_FACE ( 'NONE', ( #1839 ), #2670, .F. ) ;
#596 = ORIENTED_EDGE ( 'NONE', *, *, #2029, .F. ) ;
#597 = CARTESIAN_POINT ( 'NONE',  ( 3.900000000000000355, 0.2000000000000000111, -9.750000000000000000 ) ) ;
#598 = LINE ( 'NONE', #1647, #2250 ) ;
#599 = ORIENTED_EDGE ( 'NONE', *, *, #1353, .F. ) ;
#600 = LINE ( 'NONE', #2853, #114 ) ;
#601 = LINE ( 'NONE', #1416, #2364 ) ;
#602 = FACE_OUTER_BOUND ( 'NONE', #3183, .T. ) ;
#603 = ORIENTED_EDGE ( 'NONE', *, *, #2289, .T. ) ;
#604 = DIRECTION ( 'NONE',  ( -0.000000000000000000, -1.000000000000000000, 0.000000000000000000 ) ) ;
#605 = DIRECTION ( 'NONE',  ( 0.000000000000000000, -0.000000000000000000, 1.000000000000000000 ) ) ;
#606 = ORIENTED_EDGE ( 'NONE', *, *, #3023, .T. ) ;
#607 = EDGE_CURVE ( 'NONE', #318, #120, #989, .T. ) ;
#608 = LINE ( 'NONE', #3287, #3345 ) ;
#609 = MANIFOLD_SOLID_BREP ( 'ｶｯﾄ - 押し出し3', #3080 ) ;
#610 = ORIENTED_EDGE ( 'NONE', *, *, #380, .T. ) ;
#611 = EDGE_CURVE ( 'NONE', #3091, #2964, #455, .T. ) ;
#612 = DIRECTION ( 'NONE',  ( 1.000000000000000000, 0.000000000000000000, 0.000000000000000000 ) ) ;
#613 = ORIENTED_EDGE ( 'NONE', *, *, #637, .F. ) ;
#614 = ADVANCED_FACE ( 'NONE', ( #260 ), #2254, .F. ) ;
#615 = DIRECTION ( 'NONE',  ( -0.000000000000000000, -1.000000000000000000, 0.000000000000000000 ) ) ;
#616 = EDGE_LOOP ( 'NONE', ( #2950, #1598, #1808, #840 ) ) ;
#617 = DIRECTION ( 'NONE',  ( 1.000000000000000000, -1.203706215242022846E-31, 0.000000000000000000 ) ) ;
#618 = DIRECTION ( 'NONE',  ( 0.000000000000000000, 0.000000000000000000, -1.000000000000000000 ) ) ;
#619 = DIRECTION ( 'NONE',  ( 2.168404344971009361E-16, 1.000000000000000000, 0.000000000000000000 ) ) ;
#620 = CARTESIAN_POINT ( 'NONE',  ( -4.400000000000000355, 0.2000000000000000111, -10.05000000000000249 ) ) ;
#621 = DIRECTION ( 'NONE',  ( 1.000000000000000000, 0.000000000000000000, -0.000000000000000000 ) ) ;
#622 = FACE_OUTER_BOUND ( 'NONE', #126, .T. ) ;
#623 = ORIENTED_EDGE ( 'NONE', *, *, #2036, .T. ) ;
#624 = VECTOR ( 'NONE', #267, 1000.000000000000000 ) ;
#625 = VECTOR ( 'NONE', #2838, 1000.000000000000000 ) ;
#626 = LINE ( 'NONE', #1365, #2073 ) ;
#627 = EDGE_CURVE ( 'NONE', #705, #207, #1344, .T. ) ;
#628 = ORIENTED_EDGE ( 'NONE', *, *, #262, .T. ) ;
#629 = EDGE_CURVE ( 'NONE', #2276, #517, #2459, .T. ) ;
#630 = VERTEX_POINT ( 'NONE', #853 ) ;
#631 = DIRECTION ( 'NONE',  ( 0.000000000000000000, -1.000000000000000000, 0.000000000000000000 ) ) ;
#632 = ORIENTED_EDGE ( 'NONE', *, *, #1735, .T. ) ;
#633 = CARTESIAN_POINT ( 'NONE',  ( 3.399999999999999467, 0.05000000000000000278, -2.250000000000000444 ) ) ;
#634 = CARTESIAN_POINT ( 'NONE',  ( 5.099999999999999645, 0.000000000000000000, -2.250000000000000888 ) ) ;
#635 = ORIENTED_EDGE ( 'NONE', *, *, #3447, .F. ) ;
#636 = VECTOR ( 'NONE', #326, 1000.000000000000000 ) ;
#637 = EDGE_CURVE ( 'NONE', #2140, #2871, #537, .T. ) ;
#638 = CARTESIAN_POINT ( 'NONE',  ( 3.400000000000000355, -2.168404344971008375E-16, -9.050000000000000711 ) ) ;
#639 = CARTESIAN_POINT ( 'NONE',  ( -3.399999999999999467, 0.05000000000000000278, -3.750000000000000000 ) ) ;
#640 = CARTESIAN_POINT ( 'NONE',  ( 1.800000000000000266, 2.999999999999999556, -11.30000000000000071 ) ) ;
#641 = AXIS2_PLACEMENT_3D ( 'NONE', #938, #89, #2917 ) ;
#642 = VECTOR ( 'NONE', #496, 1000.000000000000000 ) ;
#643 = VERTEX_POINT ( 'NONE', #1936 ) ;
#644 = AXIS2_PLACEMENT_3D ( 'NONE', #2714, #786, #2430 ) ;
#645 = LINE ( 'NONE', #169, #2709 ) ;
#646 = ORIENTED_EDGE ( 'NONE', *, *, #2897, .T. ) ;
#647 = ORIENTED_EDGE ( 'NONE', *, *, #2257, .T. ) ;
#648 = AXIS2_PLACEMENT_3D ( 'NONE', #2498, #2222, #3323 ) ;
#649 = DIRECTION ( 'NONE',  ( 0.000000000000000000, 0.000000000000000000, 1.000000000000000000 ) ) ;
#650 = AXIS2_PLACEMENT_3D ( 'NONE', #1319, #2398, #1557 ) ;
#651 = EDGE_CURVE ( 'NONE', #1200, #2534, #3012, .T. ) ;
#652 = PRODUCT_DEFINITION_CONTEXT ( 'detailed design', #2801, 'design' ) ;
#653 = VERTEX_POINT ( 'NONE', #2205 ) ;
#654 = DIRECTION ( 'NONE',  ( 0.000000000000000000, -0.000000000000000000, -1.000000000000000000 ) ) ;
#655 = FACE_OUTER_BOUND ( 'NONE', #953, .T. ) ;
#656 = CARTESIAN_POINT ( 'NONE',  ( 4.000000000000001776, 4.200000000000000178, -12.19999999999999929 ) ) ;
#657 = ADVANCED_FACE ( 'NONE', ( #602 ), #51, .F. ) ;
#658 = CARTESIAN_POINT ( 'NONE',  ( -4.400000000000000355, 0.2000000000000000111, -10.45000000000000107 ) ) ;
#659 = LINE ( 'NONE', #2074, #2708 ) ;
#660 = LINE ( 'NONE', #690, #1096 ) ;
#661 = VERTEX_POINT ( 'NONE', #276 ) ;
#662 = EDGE_CURVE ( 'NONE', #2766, #2378, #1634, .T. ) ;
#663 = FACE_OUTER_BOUND ( 'NONE', #719, .T. ) ;
#664 = ORIENTED_EDGE ( 'NONE', *, *, #3203, .T. ) ;
#665 = APPLICATION_PROTOCOL_DEFINITION ( 'draft international standard', 'automotive_design', 1998, #1436 ) ;
#666 = ORIENTED_EDGE ( 'NONE', *, *, #627, .T. ) ;
#667 = CARTESIAN_POINT ( 'NONE',  ( 3.000000000000000444, 3.000000000000000000, 2.500000000000000000 ) ) ;
#668 = ORIENTED_EDGE ( 'NONE', *, *, #991, .T. ) ;
#669 = ORIENTED_EDGE ( 'NONE', *, *, #1525, .T. ) ;
#670 = CARTESIAN_POINT ( 'NONE',  ( 5.099999999999999645, 0.2999999999999999889, -3.750000000000000000 ) ) ;
#671 = CARTESIAN_POINT ( 'NONE',  ( 4.400000000000000355, -9.938519914450456901E-17, -10.05000000000000249 ) ) ;
#672 = SURFACE_SIDE_STYLE ('',( #1894 ) ) ;
#673 = ORIENTED_EDGE ( 'NONE', *, *, #1767, .F. ) ;
#674 = LINE ( 'NONE', #2057, #879 ) ;
#675 = DIRECTION ( 'NONE',  ( 1.000000000000000000, 0.000000000000000000, 0.000000000000000000 ) ) ;
#676 = CARTESIAN_POINT ( 'NONE',  ( 4.000000000000001776, 4.200000000000000178, -12.19999999999999929 ) ) ;
#677 = DIRECTION ( 'NONE',  ( 2.168404344971008868E-16, 1.000000000000000000, 0.000000000000000000 ) ) ;
#678 = MANIFOLD_SOLID_BREP ( '可動R', #2619 ) ;
#679 = LINE ( 'NONE', #3196, #1574 ) ;
#680 = PRODUCT_CONTEXT ( 'NONE', #3483, 'mechanical' ) ;
#681 = ORIENTED_EDGE ( 'NONE', *, *, #470, .T. ) ;
#682 = VECTOR ( 'NONE', #1174, 1000.000000000000000 ) ;
#683 = CARTESIAN_POINT ( 'NONE',  ( 5.099999999999999645, 0.000000000000000000, -3.750000000000000000 ) ) ;
#684 = ORIENTED_EDGE ( 'NONE', *, *, #740, .T. ) ;
#685 = CARTESIAN_POINT ( 'NONE',  ( 3.700000000000000178, -2.168404344971008868E-16, -2.250000000000000444 ) ) ;
#686 = LINE ( 'NONE', #1222, #1337 ) ;
#687 = ORIENTED_EDGE ( 'NONE', *, *, #210, .T. ) ;
#688 = VECTOR ( 'NONE', #1976, 1000.000000000000000 ) ;
#689 = LINE ( 'NONE', #2093, #509 ) ;
#690 = CARTESIAN_POINT ( 'NONE',  ( 5.099999999999999645, 0.2999999999999999889, -2.250000000000000888 ) ) ;
#691 = AXIS2_PLACEMENT_3D ( 'NONE', #2266, #1643, #2560 ) ;
#692 = VECTOR ( 'NONE', #50, 1000.000000000000000 ) ;
#693 = DIRECTION ( 'NONE',  ( -2.168404344971009361E-16, -1.000000000000000000, 0.000000000000000000 ) ) ;
#694 = CARTESIAN_POINT ( 'NONE',  ( -3.399999999999998579, 4.200000000000000178, -10.40000000000000213 ) ) ;
#695 = CIRCLE ( 'NONE', #417, 0.3999999999935426875 ) ;
#696 = SHAPE_DEFINITION_REPRESENTATION ( #1240, #2214 ) ;
#697 = CIRCLE ( 'NONE', #927, 0.2500000000000002220 ) ;
#698 = LINE ( 'NONE', #1811, #1092 ) ;
#699 = VECTOR ( 'NONE', #1961, 1000.000000000000000 ) ;
#700 = ORIENTED_EDGE ( 'NONE', *, *, #1373, .T. ) ;
#701 = EDGE_CURVE ( 'NONE', #3214, #1156, #1400, .T. ) ;
#702 = DIRECTION ( 'NONE',  ( 0.000000000000000000, 0.000000000000000000, 1.000000000000000000 ) ) ;
#703 = VECTOR ( 'NONE', #3377, 1000.000000000000000 ) ;
#704 = LINE ( 'NONE', #774, #1806 ) ;
#705 = VERTEX_POINT ( 'NONE', #1417 ) ;
#706 = AXIS2_PLACEMENT_3D ( 'NONE', #881, #1123, #307 ) ;
#707 = AXIS2_PLACEMENT_3D ( 'NONE', #2975, #1278, #2650 ) ;
#708 = PRODUCT_DEFINITION_SHAPE ( 'NONE', 'NONE',  #3567 ) ;
#709 = DIRECTION ( 'NONE',  ( -0.000000000000000000, -0.000000000000000000, 1.000000000000000000 ) ) ;
#710 = DIRECTION ( 'NONE',  ( 1.000000000000000000, -2.168404344971008868E-16, -0.000000000000000000 ) ) ;
#711 = DIRECTION ( 'NONE',  ( -0.000000000000000000, 0.000000000000000000, -1.000000000000000000 ) ) ;
#712 = MANIFOLD_SOLID_BREP ( '可動T', #2160 ) ;
#713 = VERTEX_POINT ( 'NONE', #405 ) ;
#714 = CONTEXT_DEPENDENT_SHAPE_REPRESENTATION ( #364, #987 ) ;
#715 = EDGE_LOOP ( 'NONE', ( #96, #926, #2301, #2302 ) ) ;
#717 = VECTOR ( 'NONE', #2855, 1000.000000000000000 ) ;
#716 = CARTESIAN_POINT ( 'NONE',  ( 0.000000000000000000, 0.000000000000000000, -12.84999999999999787 ) ) ;
#718 = PLANE ( 'NONE',  #3209 ) ;
#719 = EDGE_LOOP ( 'NONE', ( #2791, #1890, #1012, #1341 ) ) ;
#720 =( LENGTH_UNIT ( ) NAMED_UNIT ( * ) SI_UNIT ( .MILLI., .METRE. ) );
#721 = CARTESIAN_POINT ( 'NONE',  ( -2.000000000009549694, 3.000000000000000000, 2.700000000004365575 ) ) ;
#722 = PLANE ( 'NONE',  #1284 ) ;
#723 = VERTEX_POINT ( 'NONE', #2347 ) ;
#724 = CARTESIAN_POINT ( 'NONE',  ( -5.100000000000000533, 0.2999999999999999889, -3.350000000000000089 ) ) ;
#725 = DIRECTION ( 'NONE',  ( 0.000000000000000000, 0.000000000000000000, -1.000000000000000000 ) ) ;
#726 = EDGE_CURVE ( 'NONE', #44, #2448, #869, .T. ) ;
#727 = CARTESIAN_POINT ( 'NONE',  ( 2.900000000000000355, 0.2000000000000000111, -10.45000000000000107 ) ) ;
#728 = DIRECTION ( 'NONE',  ( -2.551063935260010491E-16, 0.000000000000000000, -1.000000000000000000 ) ) ;
#729 = ORIENTED_EDGE ( 'NONE', *, *, #21, .F. ) ;
#730 = EDGE_CURVE ( 'NONE', #574, #381, #90, .T. ) ;
#731 = EDGE_CURVE ( 'NONE', #464, #1200, #3375, .T. ) ;
#732 = CARTESIAN_POINT ( 'NONE',  ( 3.900000000000000355, 0.2000000000000000111, -9.750000000000000000 ) ) ;
#733 = EDGE_LOOP ( 'NONE', ( #2265, #3109, #2832, #545 ) ) ;
#734 = DIRECTION ( 'NONE',  ( 1.000000000000000000, 0.000000000000000000, 0.000000000000000000 ) ) ;
#735 = ORIENTED_EDGE ( 'NONE', *, *, #788, .T. ) ;
#736 = VECTOR ( 'NONE', #2368, 1000.000000000000000 ) ;
#737 = CARTESIAN_POINT ( 'NONE',  ( -3.700000000000000178, 2.168404344971011333E-16, -3.750000000000000000 ) ) ;
#738 = PLANE ( 'NONE',  #835 ) ;
#739 = ORIENTED_EDGE ( 'NONE', *, *, #1359, .T. ) ;
#740 = EDGE_CURVE ( 'NONE', #381, #464, #133, .T. ) ;
#741 = CARTESIAN_POINT ( 'NONE',  ( 3.399999999999999467, 0.2999999999999999889, -2.250000000000000444 ) ) ;
#742 = CARTESIAN_POINT ( 'NONE',  ( -0.2446587632569925674, 0.3499999999999999778, -12.79859873968900352 ) ) ;
#743 = VECTOR ( 'NONE', #2273, 1000.000000000000000 ) ;
#744 = CARTESIAN_POINT ( 'NONE',  ( -3.999999999999995559, 6.000000000000000888, -1.249999999999999334 ) ) ;
#745 = CARTESIAN_POINT ( 'NONE',  ( 4.000000000000000000, -8.673617379884035472E-16, -4.750000000000001776 ) ) ;
#746 = EDGE_CURVE ( 'NONE', #3000, #2251, #1203, .T. ) ;
#747 = ORIENTED_EDGE ( 'NONE', *, *, #2726, .T. ) ;
#748 =( GEOMETRIC_REPRESENTATION_CONTEXT ( 3 ) GLOBAL_UNCERTAINTY_ASSIGNED_CONTEXT ( ( #2310 ) ) GLOBAL_UNIT_ASSIGNED_CONTEXT ( ( #2625, #2089, #3327 ) ) REPRESENTATION_CONTEXT ( 'NONE', 'WORKASPACE' ) );
#749 = EDGE_CURVE ( 'NONE', #1027, #2915, #2293, .T. ) ;
#750 = LINE ( 'NONE', #2949, #2541 ) ;
#751 = ORIENTED_EDGE ( 'NONE', *, *, #846, .F. ) ;
#752 = CARTESIAN_POINT ( 'NONE',  ( -2.800000000000000266, 3.000000000000000000, 2.700000000000000178 ) ) ;
#753 = ORIENTED_EDGE ( 'NONE', *, *, #227, .F. ) ;
#754 = AXIS2_PLACEMENT_3D ( 'NONE', #944, #2321, #2046 ) ;
#755 = DIRECTION ( 'NONE',  ( 0.000000000000000000, 0.000000000000000000, -1.000000000000000000 ) ) ;
#756 = UNCERTAINTY_MEASURE_WITH_UNIT (LENGTH_MEASURE( 1.000000000000000082E-05 ), #720, 'distance_accuracy_value', 'NONE');
#757 = LINE ( 'NONE', #3536, #2773 ) ;
#758 = DIRECTION ( 'NONE',  ( 0.2056050412439790753, 0.000000000000000000, 0.9786350530279720461 ) ) ;
#759 = ORIENTED_EDGE ( 'NONE', *, *, #2386, .F. ) ;
#760 = EDGE_CURVE ( 'NONE', #2374, #1020, #425, .T. ) ;
#761 = CARTESIAN_POINT ( 'NONE',  ( -3.399999999999999467, 0.2999999999999999889, -2.250000000000000444 ) ) ;
#762 = FILL_AREA_STYLE_COLOUR ( '', #2551 ) ;
#763 = CIRCLE ( 'NONE', #1446, 1.800000000002910383 ) ;
#764 = SURFACE_STYLE_USAGE ( .BOTH. , #3226 ) ;
#765 = DIRECTION ( 'NONE',  ( 1.000000000000000000, -2.168404344971008868E-16, 0.000000000000000000 ) ) ;
#766 = EDGE_CURVE ( 'NONE', #2140, #45, #2730, .T. ) ;
#767 = VERTEX_POINT ( 'NONE', #2275 ) ;
#768 = DIRECTION ( 'NONE',  ( 1.000000000000000000, 0.000000000000000000, -0.000000000000000000 ) ) ;
#769 = VERTEX_POINT ( 'NONE', #3392 ) ;
#770 = DIRECTION ( 'NONE',  ( -0.000000000000000000, -1.000000000000000000, -0.000000000000000000 ) ) ;
#771 = EDGE_LOOP ( 'NONE', ( #507, #386, #3371, #2290, #2596, #1073, #1836, #3393 ) ) ;
#772 = PLANE ( 'NONE',  #3399 ) ;
#773 = LINE ( 'NONE', #180, #2493 ) ;
#774 = CARTESIAN_POINT ( 'NONE',  ( 2.900000000000000355, 0.2000000000000000111, -9.050000000000000711 ) ) ;
#775 = VERTEX_POINT ( 'NONE', #3083 ) ;
#776 = DIRECTION ( 'NONE',  ( -0.000000000000000000, -1.000000000000000000, -0.000000000000000000 ) ) ;
#777 = AXIS2_PLACEMENT_3D ( 'NONE', #3262, #801, #2995 ) ;
#778 = ADVANCED_FACE ( 'NONE', ( #2870 ), #1978, .T. ) ;
#779 = ADVANCED_FACE ( 'NONE', ( #3431 ), #2816, .T. ) ;
#780 = CARTESIAN_POINT ( 'NONE',  ( 4.000000000000000888, 5.999999999999999112, -4.750000000000001776 ) ) ;
#781 = DIRECTION ( 'NONE',  ( 0.000000000000000000, 0.000000000000000000, -1.000000000000000000 ) ) ;
#782 = VECTOR ( 'NONE', #443, 1000.000000000000000 ) ;
#783 = LINE ( 'NONE', #744, #466 ) ;
#784 = CARTESIAN_POINT ( 'NONE',  ( -3.999999999999996447, 0.000000000000000000, 0.000000000000000000 ) ) ;
#785 = EDGE_LOOP ( 'NONE', ( #568, #959, #1549, #2620 ) ) ;
#786 = DIRECTION ( 'NONE',  ( 2.551063935260010491E-16, 0.000000000000000000, -1.000000000000000000 ) ) ;
#787 = ORIENTED_EDGE ( 'NONE', *, *, #2751, .T. ) ;
#788 = EDGE_CURVE ( 'NONE', #1923, #3305, #686, .T. ) ;
#789 = CARTESIAN_POINT ( 'NONE',  ( 3.400000000000000355, 4.200000000000000178, -11.39999999999999858 ) ) ;
#790 = ORIENTED_EDGE ( 'NONE', *, *, #2644, .T. ) ;
#791 = CARTESIAN_POINT ( 'NONE',  ( -3.000000000000000444, 2.999999999999999556, 2.500000000000000000 ) ) ;
#792 = CARTESIAN_POINT ( 'NONE',  ( 3.399999999999999467, 0.05000000000000000278, -3.750000000000000000 ) ) ;
#793 = LINE ( 'NONE', #1889, #3056 ) ;
#794 = EDGE_LOOP ( 'NONE', ( #1947, #402 ) ) ;
#795 = DIRECTION ( 'NONE',  ( 1.239088197126290324E-16, -2.686844230450942015E-32, 1.000000000000000000 ) ) ;
#796 = VECTOR ( 'NONE', #3396, 1000.000000000000000 ) ;
#797 = LINE ( 'NONE', #36, #1255 ) ;
#798 = DIRECTION ( 'NONE',  ( -0.000000000000000000, -1.000000000000000000, 0.000000000000000000 ) ) ;
#799 = DIRECTION ( 'NONE',  ( -1.000000000000000000, 2.168404344971008868E-16, 0.000000000000000000 ) ) ;
#800 = DIRECTION ( 'NONE',  ( -1.000000000000000000, 2.168404344971008868E-16, 0.000000000000000000 ) ) ;
#801 = DIRECTION ( 'NONE',  ( 0.000000000000000000, 0.000000000000000000, -1.000000000000000000 ) ) ;
#802 = ORIENTED_EDGE ( 'NONE', *, *, #2896, .F. ) ;
#803 = EDGE_CURVE ( 'NONE', #2580, #1069, #343, .T. ) ;
#804 = DIRECTION ( 'NONE',  ( 1.000000000000000000, -0.000000000000000000, 2.551063935260010491E-16 ) ) ;
#805 = ORIENTED_EDGE ( 'NONE', *, *, #2163, .T. ) ;
#806 = DIRECTION ( 'NONE',  ( -0.000000000000000000, -1.000000000000000000, -0.000000000000000000 ) ) ;
#807 = AXIS2_PLACEMENT_3D ( 'NONE', #3218, #3519, #3269 ) ;
#808 = SHAPE_REPRESENTATION_RELATIONSHIP ( 'NONE' , 'NONE' ,  #5, #2531 ) ;
#809 = VERTEX_POINT ( 'NONE', #1470 ) ;
#810 = PRODUCT_RELATED_PRODUCT_CATEGORY ( 'part', '', ( #1275 ) ) ;
#811 = CYLINDRICAL_SURFACE ( 'NONE', #1425, 0.2500000000000002220 ) ;
#812 = AXIS2_PLACEMENT_3D ( 'NONE', #2940, #536, #1615 ) ;
#813 = DIRECTION ( 'NONE',  ( 0.000000000000000000, 0.000000000000000000, 1.000000000000000000 ) ) ;
#814 = VECTOR ( 'NONE', #957, 1000.000000000000000 ) ;
#815 = CARTESIAN_POINT ( 'NONE',  ( -3.999999999999996447, 9.629649721936179265E-31, -1.250000000000000000 ) ) ;
#816 = ORIENTED_EDGE ( 'NONE', *, *, #2939, .F. ) ;
#817 = EDGE_CURVE ( 'NONE', #565, #1958, #2549, .T. ) ;
#818 = AXIS2_PLACEMENT_3D ( 'NONE', #2343, #1756, #995 ) ;
#819 = DIRECTION ( 'NONE',  ( -1.000000000000000000, 1.203706215242022846E-31, -0.000000000000000000 ) ) ;
#820 = CARTESIAN_POINT ( 'NONE',  ( 7.347880794884117764E-17, -1.199999999999999956, -2.600000000000000089 ) ) ;
#821 = AXIS2_PLACEMENT_3D ( 'NONE', #1583, #1830, #734 ) ;
#822 = LINE ( 'NONE', #784, #1980 ) ;
#823 = CARTESIAN_POINT ( 'NONE',  ( -4.000000000000000000, 8.673617379884035472E-16, -5.775000000000000355 ) ) ;
#824 = ORIENTED_EDGE ( 'NONE', *, *, #1224, .T. ) ;
#825 = AXIS2_PLACEMENT_3D ( 'NONE', #3552, #1071, #1018 ) ;
#826 = CIRCLE ( 'NONE', #363, 0.2500000000000002220 ) ;
#827 = DIRECTION ( 'NONE',  ( 0.000000000000000000, 0.000000000000000000, 1.000000000000000000 ) ) ;
#828 = ORIENTED_EDGE ( 'NONE', *, *, #2939, .T. ) ;
#829 = LINE ( 'NONE', #1924, #2922 ) ;
#830 = ADVANCED_FACE ( 'NONE', ( #1999 ), #722, .T. ) ;
#831 = DIRECTION ( 'NONE',  ( -1.000000000000000000, 0.000000000000000000, -0.000000000000000000 ) ) ;
#832 = DIRECTION ( 'NONE',  ( 0.9786350530279723792, -0.000000000000000000, 0.2056050412439770492 ) ) ;
#833 = ORIENTED_EDGE ( 'NONE', *, *, #3031, .T. ) ;
#834 = VERTEX_POINT ( 'NONE', #1522 ) ;
#835 = AXIS2_PLACEMENT_3D ( 'NONE', #1835, #2934, #471 ) ;
#836 = DIRECTION ( 'NONE',  ( 8.659560562354932858E-17, 0.7071067811865474617, -0.7071067811865474617 ) ) ;
#837 = DIRECTION ( 'NONE',  ( -0.000000000000000000, -0.000000000000000000, -1.000000000000000000 ) ) ;
#838 = CARTESIAN_POINT ( 'NONE',  ( 0.000000000000000000, -0.9999999999763531378, -2.000000000000000000 ) ) ;
#839 = DIRECTION ( 'NONE',  ( -1.224646799147353207E-16, -1.000000000000000000, 0.000000000000000000 ) ) ;
#840 = ORIENTED_EDGE ( 'NONE', *, *, #1465, .F. ) ;
#841 = EDGE_CURVE ( 'NONE', #2217, #1971, #1304, .T. ) ;
#842 = PLANE ( 'NONE',  #2312 ) ;
#843 = EDGE_LOOP ( 'NONE', ( #3115, #1523, #2600, #2591 ) ) ;
#844 = SHAPE_REPRESENTATION_RELATIONSHIP ( 'NONE' , 'NONE' ,  #1974, #1875 ) ;
#845 = EDGE_CURVE ( 'NONE', #461, #310, #704, .T. ) ;
#846 = EDGE_CURVE ( 'NONE', #2393, #1235, #2667, .T. ) ;
#847 = PLANE ( 'NONE',  #1162 ) ;
#848 = DIRECTION ( 'NONE',  ( -1.203706215242022846E-31, -1.000000000000000000, 0.000000000000000000 ) ) ;
#849 = EDGE_LOOP ( 'NONE', ( #1931, #458, #63, #1878 ) ) ;
#850 = EDGE_LOOP ( 'NONE', ( #669, #2536 ) ) ;
#851 = DIRECTION ( 'NONE',  ( -1.349979358736815240E-16, 2.927301107106086615E-32, -1.000000000000000000 ) ) ;
#852 = CARTESIAN_POINT ( 'NONE',  ( -3.399999999999999467, 0.05000000000000000278, -9.050000000000000711 ) ) ;
#853 = CARTESIAN_POINT ( 'NONE',  ( 3.399999999999999467, 0.05000000000000000278, -3.750000000000000000 ) ) ;
#854 = EDGE_CURVE ( 'NONE', #1027, #2506, #3220, .T. ) ;
#855 = FACE_OUTER_BOUND ( 'NONE', #715, .T. ) ;
#856 = LINE ( 'NONE', #676, #2077 ) ;
#857 = VERTEX_POINT ( 'NONE', #966 ) ;
#858 = EDGE_CURVE ( 'NONE', #775, #59, #3505, .T. ) ;
#859 = DIRECTION ( 'NONE',  ( 0.000000000000000000, 1.000000000000000000, -0.000000000000000000 ) ) ;
#860 = ORIENTED_EDGE ( 'NONE', *, *, #3179, .T. ) ;
#861 = EDGE_CURVE ( 'NONE', #2106, #562, #3173, .T. ) ;
#862 = ORIENTED_EDGE ( 'NONE', *, *, #2803, .T. ) ;
#863 = AXIS2_PLACEMENT_3D ( 'NONE', #1934, #1964, #3557 ) ;
#864 = FACE_OUTER_BOUND ( 'NONE', #41, .T. ) ;
#865 = LINE ( 'NONE', #2720, #699 ) ;
#866 = ORIENTED_EDGE ( 'NONE', *, *, #1428, .F. ) ;
#867 = LINE ( 'NONE', #2511, #1199 ) ;
#868 = LINE ( 'NONE', #3063, #3467 ) ;
#869 = LINE ( 'NONE', #2332, #225 ) ;
#870 = EDGE_CURVE ( 'NONE', #2715, #661, #1802, .T. ) ;
#871 = VECTOR ( 'NONE', #1969, 1000.000000000000000 ) ;
#872 = ADVANCED_FACE ( 'NONE', ( #2971 ), #1589, .F. ) ;
#873 = AXIS2_PLACEMENT_3D ( 'NONE', #3033, #40, #2461 ) ;
#874 = ADVANCED_FACE ( 'NONE', ( #3521 ), #1290, .T. ) ;
#875 = CARTESIAN_POINT ( 'NONE',  ( 0.000000000000000000, -0.9999999999999993339, -2.000000000000000000 ) ) ;
#876 = ORIENTED_EDGE ( 'NONE', *, *, #378, .F. ) ;
#877 = CARTESIAN_POINT ( 'NONE',  ( 2.900000000000000355, 0.05000000000000000278, -9.050000000000000711 ) ) ;
#878 = VERTEX_POINT ( 'NONE', #181 ) ;
#879 = VECTOR ( 'NONE', #2456, 1000.000000000000114 ) ;
#880 = ORIENTED_EDGE ( 'NONE', *, *, #917, .F. ) ;
#881 = CARTESIAN_POINT ( 'NONE',  ( 3.399999999999999911, -8.673617379884035472E-16, -12.19999999999999929 ) ) ;
#882 = ORIENTED_EDGE ( 'NONE', *, *, #91, .F. ) ;
#883 = CARTESIAN_POINT ( 'NONE',  ( 4.400000000000000355, 0.000000000000000000, -10.45000000000000107 ) ) ;
#884 = DIRECTION ( 'NONE',  ( 0.000000000000000000, -1.000000000000000000, 0.000000000000000000 ) ) ;
#885 = DIRECTION ( 'NONE',  ( 1.000000000000000000, -2.168404344971008868E-16, -0.000000000000000000 ) ) ;
#886 = ADVANCED_FACE ( 'NONE', ( #3472 ), #1038, .F. ) ;
#887 = EDGE_CURVE ( 'NONE', #643, #2106, #984, .T. ) ;
#888 = CARTESIAN_POINT ( 'NONE',  ( -3.999999999999998224, 4.200000000000000178, -12.19999999999999751 ) ) ;
#889 = DIRECTION ( 'NONE',  ( 1.000000000000000000, 0.000000000000000000, -0.000000000000000000 ) ) ;
#890 = FACE_OUTER_BOUND ( 'NONE', #273, .T. ) ;
#891 = ORIENTED_EDGE ( 'NONE', *, *, #2294, .F. ) ;
#892 =( REPRESENTATION_RELATIONSHIP ('NONE','NONE', #1821, #2214 ) REPRESENTATION_RELATIONSHIP_WITH_TRANSFORMATION ( #3457 )SHAPE_REPRESENTATION_RELATIONSHIP( ) );
#893 = AXIS2_PLACEMENT_3D ( 'NONE', #3227, #765, #1858 ) ;
#894 = DIRECTION ( 'NONE',  ( 1.000000000000000000, 0.000000000000000000, 0.000000000000000000 ) ) ;
#895 = ORIENTED_EDGE ( 'NONE', *, *, #1639, .T. ) ;
#896 = ORIENTED_EDGE ( 'NONE', *, *, #129, .T. ) ;
#897 = ADVANCED_FACE ( 'NONE', ( #452 ), #1537, .F. ) ;
#898 = CARTESIAN_POINT ( 'NONE',  ( -3.399999999999999911, 0.05000000000000000278, -12.19999999999999929 ) ) ;
#899 = EDGE_CURVE ( 'NONE', #1313, #1219, #1002, .T. ) ;
#900 = ORIENTED_EDGE ( 'NONE', *, *, #1720, .T. ) ;
#901 = ORIENTED_EDGE ( 'NONE', *, *, #285, .T. ) ;
#902 = DIRECTION ( 'NONE',  ( -1.000000000000000000, 0.000000000000000000, -0.000000000000000000 ) ) ;
#903 = DIRECTION ( 'NONE',  ( -0.000000000000000000, -0.000000000000000000, 1.000000000000000000 ) ) ;
#904 = CARTESIAN_POINT ( 'NONE',  ( 0.000000000000000000, -0.9999999999999993339, -2.000000000000000000 ) ) ;
#905 = CARTESIAN_POINT ( 'NONE',  ( 7.347880794190217223E-17, -0.9999999999763531378, -8.899999999943338125 ) ) ;
#906 = CARTESIAN_POINT ( 'NONE',  ( -5.100000000000000533, 0.000000000000000000, -3.000000000000000000 ) ) ;
#907 = DIRECTION ( 'NONE',  ( 1.000000000000000000, -1.203706215242022846E-31, 0.000000000000000000 ) ) ;
#908 = ORIENTED_EDGE ( 'NONE', *, *, #3555, .F. ) ;
#909 = DIRECTION ( 'NONE',  ( 0.000000000000000000, 0.000000000000000000, 1.000000000000000000 ) ) ;
#910 = ORIENTED_EDGE ( 'NONE', *, *, #1005, .F. ) ;
#911 = ITEM_DEFINED_TRANSFORMATION ( 'NONE', 'NONE', #691,  #521 ) ;
#912 = VERTEX_POINT ( 'NONE', #2105 ) ;
#913 = ADVANCED_FACE ( 'NONE', ( #3205 ), #738, .T. ) ;
#914 = FACE_OUTER_BOUND ( 'NONE', #1779, .T. ) ;
#915 = EDGE_LOOP ( 'NONE', ( #1009, #266 ) ) ;
#916 = ORIENTED_EDGE ( 'NONE', *, *, #1127, .T. ) ;
#917 = EDGE_CURVE ( 'NONE', #2272, #1235, #1851, .T. ) ;
#918 = DIRECTION ( 'NONE',  ( 0.000000000000000000, 0.000000000000000000, 1.000000000000000000 ) ) ;
#919 = CARTESIAN_POINT ( 'NONE',  ( 0.000000000000000000, -0.9999999999999993339, -8.300000000000000711 ) ) ;
#920 =( NAMED_UNIT ( * ) PLANE_ANGLE_UNIT ( ) SI_UNIT ( $, .RADIAN. ) );
#921 = VECTOR ( 'NONE', #2883, 1000.000000000000000 ) ;
#922 = DIRECTION ( 'NONE',  ( -2.168404344971009361E-16, -1.000000000000000000, -0.000000000000000000 ) ) ;
#923 = FACE_OUTER_BOUND ( 'NONE', #3564, .T. ) ;
#924 = CARTESIAN_POINT ( 'NONE',  ( -3.999999999999995559, 6.000000000000000888, 0.000000000000000000 ) ) ;
#925 = VECTOR ( 'NONE', #2166, 1000.000000000000000 ) ;
#926 = ORIENTED_EDGE ( 'NONE', *, *, #2753, .F. ) ;
#927 = AXIS2_PLACEMENT_3D ( 'NONE', #716, #2326, #144 ) ;
#928 = FACE_OUTER_BOUND ( 'NONE', #3538, .T. ) ;
#929 = ORIENTED_EDGE ( 'NONE', *, *, #2818, .T. ) ;
#930 = APPLICATION_PROTOCOL_DEFINITION ( 'draft international standard', 'automotive_design', 1998, #1737 ) ;
#931 = EDGE_LOOP ( 'NONE', ( #3127, #3124, #2761, #933 ) ) ;
#932 = DIRECTION ( 'NONE',  ( 0.000000000000000000, -0.000000000000000000, -1.000000000000000000 ) ) ;
#933 = ORIENTED_EDGE ( 'NONE', *, *, #2099, .T. ) ;
#934 = VECTOR ( 'NONE', #2611, 1000.000000000000000 ) ;
#935 = UNCERTAINTY_MEASURE_WITH_UNIT (LENGTH_MEASURE( 1.000000000000000082E-05 ), #2537, 'distance_accuracy_value', 'NONE');
#936 = ORIENTED_EDGE ( 'NONE', *, *, #1022, .F. ) ;
#937 = CARTESIAN_POINT ( 'NONE',  ( 0.000000000000000000, -1.199999999999999956, -8.300000000000000711 ) ) ;
#938 = CARTESIAN_POINT ( 'NONE',  ( -3.900000000000000355, 0.000000000000000000, -9.750000000000000000 ) ) ;
#939 = PRESENTATION_STYLE_ASSIGNMENT (( #2885 ) ) ;
#940 = VERTEX_POINT ( 'NONE', #213 ) ;
#941 = DIRECTION ( 'NONE',  ( -0.9819449375075969266, 0.000000000000000000, -0.1891669625045597769 ) ) ;
#942 = LINE ( 'NONE', #1527, #2295 ) ;
#943 = LINE ( 'NONE', #2044, #538 ) ;
#944 = CARTESIAN_POINT ( 'NONE',  ( 0.000000000000000000, -1.199999999926149030, -8.300000000000000711 ) ) ;
#945 = ORIENTED_EDGE ( 'NONE', *, *, #1946, .T. ) ;
#946 = ORIENTED_EDGE ( 'NONE', *, *, #2897, .F. ) ;
#947 = VECTOR ( 'NONE', #1596, 1000.000000000000114 ) ;
#948 = DIRECTION ( 'NONE',  ( 0.000000000000000000, 0.000000000000000000, -1.000000000000000000 ) ) ;
#949 = ORIENTED_EDGE ( 'NONE', *, *, #731, .T. ) ;
#950 = AXIS2_PLACEMENT_3D ( 'NONE', #2673, #139, #204 ) ;
#951 = DIRECTION ( 'NONE',  ( -1.239088197126289831E-16, 2.686844230450940920E-32, -1.000000000000000000 ) ) ;
#952 = LINE ( 'NONE', #1536, #1613 ) ;
#953 = EDGE_LOOP ( 'NONE', ( #199, #610, #344, #2807 ) ) ;
#954 = DIRECTION ( 'NONE',  ( -0.000000000000000000, -0.000000000000000000, -1.000000000000000000 ) ) ;
#955 = PLANE ( 'NONE',  #2652 ) ;
#956 = EDGE_CURVE ( 'NONE', #3206, #2852, #290, .T. ) ;
#957 = DIRECTION ( 'NONE',  ( -1.000000000000000000, 2.168404344971008868E-16, 0.000000000000000000 ) ) ;
#958 = ORIENTED_EDGE ( 'NONE', *, *, #2256, .F. ) ;
#959 = ORIENTED_EDGE ( 'NONE', *, *, #3450, .T. ) ;
#960 = VECTOR ( 'NONE', #954, 1000.000000000000000 ) ;
#961 = FACE_OUTER_BOUND ( 'NONE', #771, .T. ) ;
#962 = ORIENTED_EDGE ( 'NONE', *, *, #2147, .F. ) ;
#963 =( BOUNDED_SURFACE ( )  B_SPLINE_SURFACE ( 3, 3, ( 
 ( #3154, #1226, #2075, #1475 ),
 ( #1206, #970, #1728, #2319 ),
 ( #2004, #2587, #2350, #116 ),
 ( #371, #1175, #2281, #3417 ) ),
 .UNSPECIFIED., .F., .F., .F. ) 
 B_SPLINE_SURFACE_WITH_KNOTS ( ( 4, 4 ),
 ( 4, 4 ),
 ( 0.000000000000000000, 1.000000000000000000 ),
 ( 0.000000000000000000, 1.000000000000000000 ),
 .UNSPECIFIED. ) 
 GEOMETRIC_REPRESENTATION_ITEM ( )  RATIONAL_B_SPLINE_SURFACE ( (
 ( 1.000000000000000000, 0.3333333333333334259, 0.3333333333333334259, 1.000000000000000000),
 ( 0.8047378541243649375, 0.2682459513747884050, 0.2682459513747884050, 0.8047378541243649375),
 ( 0.8047378541243649375, 0.2682459513747884050, 0.2682459513747884050, 0.8047378541243649375),
 ( 1.000000000000000000, 0.3333333333333334259, 0.3333333333333334259, 1.000000000000000000) ) ) 
 REPRESENTATION_ITEM ( '' )  SURFACE ( )  );
#964 = PRODUCT_DEFINITION_CONTEXT ( 'detailed design', #157, 'design' ) ;
#965 = CARTESIAN_POINT ( 'NONE',  ( -3.000000000000000444, 2.999999999999999556, 2.700000000000000178 ) ) ;
#966 = CARTESIAN_POINT ( 'NONE',  ( -4.598598739689005122, 0.2999999999999999889, -3.244658763256993428 ) ) ;
#967 = VERTEX_POINT ( 'NONE', #2158 ) ;
#968 = AXIS2_PLACEMENT_3D ( 'NONE', #2417, #549, #1036 ) ;
#969 = LINE ( 'NONE', #1205, #7 ) ;
#970 = CARTESIAN_POINT ( 'NONE',  ( -2.917157287525381726, -2.834314575050760787, 2.699999999999999734 ) ) ;
#971 =( GEOMETRIC_REPRESENTATION_CONTEXT ( 3 ) GLOBAL_UNCERTAINTY_ASSIGNED_CONTEXT ( ( #2050 ) ) GLOBAL_UNIT_ASSIGNED_CONTEXT ( ( #1307, #25, #1950 ) ) REPRESENTATION_CONTEXT ( 'NONE', 'WORKASPACE' ) );
#972 = EDGE_CURVE ( 'NONE', #1069, #2103, #3058, .T. ) ;
#973 = STYLED_ITEM ( 'NONE', ( #1292 ), #1867 ) ;
#974 = DIRECTION ( 'NONE',  ( -0.000000000000000000, 0.000000000000000000, -1.000000000000000000 ) ) ;
#975 = PLANE ( 'NONE',  #2793 ) ;
#976 = VECTOR ( 'NONE', #1789, 1000.000000000000000 ) ;
#977 = ORIENTED_EDGE ( 'NONE', *, *, #1525, .F. ) ;
#978 = CIRCLE ( 'NONE', #2196, 0.4000000000037289838 ) ;
#979 = CARTESIAN_POINT ( 'NONE',  ( -3.399999999999998135, 6.000000000000000888, -1.250000000000000000 ) ) ;
#980 = AXIS2_PLACEMENT_3D ( 'NONE', #20, #3008, #308 ) ;
#981 = CARTESIAN_POINT ( 'NONE',  ( 3.700000000000000178, -4.814824860968089633E-31, -4.750000000000002665 ) ) ;
#982 = EDGE_LOOP ( 'NONE', ( #2595, #1870, #1603, #2492 ) ) ;
#983 = CARTESIAN_POINT ( 'NONE',  ( 6.018531076210114778E-33, 0.05000000000000000278, -2.250000000000000444 ) ) ;
#984 = LINE ( 'NONE', #1271, #3492 ) ;
#985 = ORIENTED_EDGE ( 'NONE', *, *, #1860, .T. ) ;
#986 = AXIS2_PLACEMENT_3D ( 'NONE', #597, #2788, #323 ) ;
#987 = PRODUCT_DEFINITION_SHAPE ( 'NONE', 'NONE',  #3572 ) ;
#988 = DIRECTION ( 'NONE',  ( -1.203706215242022846E-31, -1.000000000000000000, 0.000000000000000000 ) ) ;
#989 = LINE ( 'NONE', #3509, #543 ) ;
#990 = ADVANCED_FACE ( 'NONE', ( #2505 ), #1912, .F. ) ;
#991 = EDGE_CURVE ( 'NONE', #857, #1797, #1438, .T. ) ;
#992 = CARTESIAN_POINT ( 'NONE',  ( -3.399999999999999467, 0.000000000000000000, -3.750000000000000000 ) ) ;
#993 = PLANE ( 'NONE',  #950 ) ;
#994 = ORIENTED_EDGE ( 'NONE', *, *, #1014, .T. ) ;
#996 = AXIS2_PLACEMENT_3D ( 'NONE', #2918, #758, #234 ) ;
#995 = DIRECTION ( 'NONE',  ( -1.000000000000000000, 0.000000000000000000, 0.000000000000000000 ) ) ;
#997 = EDGE_LOOP ( 'NONE', ( #1118, #2408, #2902, #482 ) ) ;
#998 = DIRECTION ( 'NONE',  ( -2.168404344971008868E-16, -1.000000000000000000, 0.000000000000000000 ) ) ;
#999 = VERTEX_POINT ( 'NONE', #3331 ) ;
#1000 = EDGE_CURVE ( 'NONE', #59, #3486, #2216, .T. ) ;
#1001 = CARTESIAN_POINT ( 'NONE',  ( 0.000000000000000000, 2.999999999999999556, 2.499999999997726263 ) ) ;
#1002 = LINE ( 'NONE', #198, #376 ) ;
#1003 = EDGE_LOOP ( 'NONE', ( #1321, #397, #862, #235, #247, #2263, #105, #1556, #2678, #1178 ) ) ;
#1004 = ADVANCED_FACE ( 'NONE', ( #3313, #2454, #579 ), #1669, .T. ) ;
#1005 = EDGE_CURVE ( 'NONE', #1971, #209, #2769, .T. ) ;
#1006 = FACE_OUTER_BOUND ( 'NONE', #2322, .T. ) ;
#1007 = DIRECTION ( 'NONE',  ( 1.000000000000000000, -0.000000000000000000, 0.000000000000000000 ) ) ;
#1008 = DIRECTION ( 'NONE',  ( 0.000000000000000000, -0.000000000000000000, 1.000000000000000000 ) ) ;
#1009 = ORIENTED_EDGE ( 'NONE', *, *, #2304, .T. ) ;
#1010 = VERTEX_POINT ( 'NONE', #1125 ) ;
#1011 = FACE_OUTER_BOUND ( 'NONE', #1389, .T. ) ;
#1012 = ORIENTED_EDGE ( 'NONE', *, *, #1787, .T. ) ;
#1013 = FACE_OUTER_BOUND ( 'NONE', #1754, .T. ) ;
#1014 = EDGE_CURVE ( 'NONE', #1648, #857, #598, .T. ) ;
#1015 = EDGE_LOOP ( 'NONE', ( #2843, #1512, #1160, #2797 ) ) ;
#1016 = EDGE_CURVE ( 'NONE', #705, #3459, #3041, .T. ) ;
#1017 = DIRECTION ( 'NONE',  ( 0.000000000000000000, 1.000000000000000000, 0.000000000000000000 ) ) ;
#1018 = DIRECTION ( 'NONE',  ( 0.9819449375075981479, 0.000000000000000000, 0.1891669625045536152 ) ) ;
#1019 = CARTESIAN_POINT ( 'NONE',  ( -3.300000000000001155, 8.673617379884035472E-16, -5.775000000000000355 ) ) ;
#1020 = VERTEX_POINT ( 'NONE', #2229 ) ;
#1021 = COLOUR_RGB ( '',1.000000000000000000, 1.000000000000000000, 0.000000000000000000 ) ;
#1022 = EDGE_CURVE ( 'NONE', #2325, #65, #865, .T. ) ;
#1023 = DIRECTION ( 'NONE',  ( -0.000000000000000000, -0.000000000000000000, -1.000000000000000000 ) ) ;
#1024 = DIRECTION ( 'NONE',  ( 1.000000000000000000, 0.000000000000000000, 2.168404344971008079E-15 ) ) ;
#1025 = DIRECTION ( 'NONE',  ( 0.000000000000000000, 0.000000000000000000, -1.000000000000000000 ) ) ;
#1026 = DIRECTION ( 'NONE',  ( 0.000000000000000000, 0.000000000000000000, 1.000000000000000000 ) ) ;
#1027 = VERTEX_POINT ( 'NONE', #2179 ) ;
#1028 = PLANE ( 'NONE',  #2882 ) ;
#1029 = ORIENTED_EDGE ( 'NONE', *, *, #1989, .T. ) ;
#1030 = DIRECTION ( 'NONE',  ( -1.000000000000000000, 0.000000000000000000, -0.000000000000000000 ) ) ;
#1031 = EDGE_LOOP ( 'NONE', ( #876, #3285, #2857, #1741 ) ) ;
#1032 = VECTOR ( 'NONE', #2802, 1000.000000000000000 ) ;
#1033 = EDGE_CURVE ( 'NONE', #2881, #1675, #2985, .T. ) ;
#1034 = EDGE_CURVE ( 'NONE', #1988, #1901, #324, .T. ) ;
#1035 = VECTOR ( 'NONE', #907, 1000.000000000000000 ) ;
#1036 = DIRECTION ( 'NONE',  ( 1.000000000000000000, 0.000000000000000000, 0.000000000000000000 ) ) ;
#1037 = DIRECTION ( 'NONE',  ( -1.203706215242022846E-31, -1.000000000000000000, 0.000000000000000000 ) ) ;
#1038 = PLANE ( 'NONE',  #1455 ) ;
#1039 = VERTEX_POINT ( 'NONE', #3253 ) ;
#1040 = LINE ( 'NONE', #2146, #2435 ) ;
#1041 = CIRCLE ( 'NONE', #1161, 0.2500000000000002220 ) ;
#1042 = DIRECTION ( 'NONE',  ( 0.000000000000000000, 0.000000000000000000, -1.000000000000000000 ) ) ;
#1043 = EDGE_CURVE ( 'NONE', #713, #426, #793, .T. ) ;
#1044 = PLANE ( 'NONE',  #1208 ) ;
#1045 = DIRECTION ( 'NONE',  ( -1.203706215242022846E-31, -1.000000000000000000, -0.000000000000000000 ) ) ;
#1046 = ORIENTED_EDGE ( 'NONE', *, *, #166, .F. ) ;
#1047 = PLANE ( 'NONE',  #644 ) ;
#1048 = EDGE_LOOP ( 'NONE', ( #576, #1106, #22, #2451, #3212, #1464, #2738, #3314 ) ) ;
#1049 = DIRECTION ( 'NONE',  ( -0.2056050412439791863, 0.000000000000000000, 0.9786350530279720461 ) ) ;
#1050 = SHAPE_REPRESENTATION_RELATIONSHIP ( 'NONE' , 'NONE' ,  #2214, #121 ) ;
#1051 = DIRECTION ( 'NONE',  ( 0.2056050412439790198, 0.000000000000000000, 0.9786350530279721571 ) ) ;
#1052 = LINE ( 'NONE', #1911, #1732 ) ;
#1053 = CARTESIAN_POINT ( 'NONE',  ( -4.400000000000000355, 0.2000000000000000111, -9.050000000000000711 ) ) ;
#1054 = ORIENTED_EDGE ( 'NONE', *, *, #991, .F. ) ;
#1055 = CARTESIAN_POINT ( 'NONE',  ( -3.862166607499088133, 0.2000000000000000111, -9.946388987501519452 ) ) ;
#1056 = ADVANCED_BREP_SHAPE_REPRESENTATION ( '', ( #1775, #521 ), #748 ) ;
#1057 = AXIS2_PLACEMENT_3D ( 'NONE', #838, #2978, #1026 ) ;
#1058 = LINE ( 'NONE', #2756, #1308 ) ;
#1059 = CARTESIAN_POINT ( 'NONE',  ( 2.900000000000000355, 0.05000000000000000278, -9.050000000000000711 ) ) ;
#1060 = CARTESIAN_POINT ( 'NONE',  ( -3.999999999999996447, 2.891205793294685229E-16, -1.250000000000000000 ) ) ;
#1061 = CLOSED_SHELL ( 'NONE', ( #2556, #3047, #2109, #2278, #184, #2174, #2367, #2589, #2288, #874 ) ) ;
#1062 = LINE ( 'NONE', #2710, #58 ) ;
#1063 = PLANE ( 'NONE',  #777 ) ;
#1064 = ORIENTED_EDGE ( 'NONE', *, *, #1501, .T. ) ;
#1065 = LINE ( 'NONE', #2392, #3469 ) ;
#1066 = VERTEX_POINT ( 'NONE', #528 ) ;
#1067 = EDGE_CURVE ( 'NONE', #426, #310, #1610, .T. ) ;
#1068 = PLANE ( 'NONE',  #450 ) ;
#1069 = VERTEX_POINT ( 'NONE', #1340 ) ;
#1070 = CARTESIAN_POINT ( 'NONE',  ( -0.7500000000000000000, 0.000000000000000000, -11.39999999999999858 ) ) ;
#1071 = DIRECTION ( 'NONE',  ( -0.1891669625045536152, 0.000000000000000000, 0.9819449375075981479 ) ) ;
#1072 = PLANE ( 'NONE',  #2023 ) ;
#1073 = ORIENTED_EDGE ( 'NONE', *, *, #3414, .F. ) ;
#1074 = VECTOR ( 'NONE', #447, 1000.000000000000000 ) ;
#1075 = CARTESIAN_POINT ( 'NONE',  ( 3.700000000000000622, -5.782411586589356653E-16, -1.249999999999999556 ) ) ;
#1076 = SURFACE_STYLE_FILL_AREA ( #1561 ) ;
#1077 =( NAMED_UNIT ( * ) PLANE_ANGLE_UNIT ( ) SI_UNIT ( $, .RADIAN. ) );
#1078 = ADVANCED_FACE ( 'NONE', ( #3553 ), #1072, .T. ) ;
#1079 = DIRECTION ( 'NONE',  ( -1.000000000000000000, 0.000000000000000000, -0.000000000000000000 ) ) ;
#1080 = FACE_OUTER_BOUND ( 'NONE', #616, .T. ) ;
#1081 = EDGE_LOOP ( 'NONE', ( #335, #1423, #623, #2475, #2919 ) ) ;
#1082 = CARTESIAN_POINT ( 'NONE',  ( -5.099999999999999645, 0.2999999999999999889, -3.750000000000000000 ) ) ;
#1083 = EDGE_LOOP ( 'NONE', ( #882, #2850, #1553, #1953 ) ) ;
#1084 = CARTESIAN_POINT ( 'NONE',  ( 3.399999999999999023, 0.2999999999999999889, -3.750000000000000000 ) ) ;
#1085 = AXIS2_PLACEMENT_3D ( 'NONE', #3410, #3429, #1185 ) ;
#1086 = VERTEX_POINT ( 'NONE', #2199 ) ;
#1087 = LINE ( 'NONE', #1910, #1954 ) ;
#1088 = VECTOR ( 'NONE', #2495, 1000.000000000000000 ) ;
#1089 = STYLED_ITEM ( 'NONE', ( #220 ), #3088 ) ;
#1090 = CARTESIAN_POINT ( 'NONE',  ( 3.399999999999999467, 0.000000000000000000, -2.250000000000000444 ) ) ;
#1091 = ORIENTED_EDGE ( 'NONE', *, *, #1639, .F. ) ;
#1092 = VECTOR ( 'NONE', #3484, 1000.000000000000000 ) ;
#1093 = VERTEX_POINT ( 'NONE', #3295 ) ;
#1094 = DIRECTION ( 'NONE',  ( -0.000000000000000000, -0.000000000000000000, -1.000000000000000000 ) ) ;
#1095 = CARTESIAN_POINT ( 'NONE',  ( 4.000000000000001776, 0.000000000000000000, -12.19999999999999929 ) ) ;
#1096 = VECTOR ( 'NONE', #2860, 1000.000000000000000 ) ;
#1097 = ADVANCED_FACE ( 'NONE', ( #3026 ), #1142, .T. ) ;
#1098 = DIRECTION ( 'NONE',  ( 0.000000000000000000, 0.000000000000000000, 1.000000000000000000 ) ) ;
#1099 = CARTESIAN_POINT ( 'NONE',  ( -2.800000000000000266, 3.000000000000000000, 2.700000000000000178 ) ) ;
#1100 = EDGE_CURVE ( 'NONE', #2964, #2276, #2523, .T. ) ;
#1101 = ADVANCED_FACE ( 'NONE', ( #3563 ), #1983, .F. ) ;
#1102 = VERTEX_POINT ( 'NONE', #1136 ) ;
#1103 = AXIS2_PLACEMENT_3D ( 'NONE', #384, #2598, #3430 ) ;
#1104 = DIRECTION ( 'NONE',  ( 0.000000000000000000, 1.000000000000000000, 0.000000000000000000 ) ) ;
#1105 = ORIENTED_EDGE ( 'NONE', *, *, #3321, .T. ) ;
#1106 = ORIENTED_EDGE ( 'NONE', *, *, #1860, .F. ) ;
#1107 = DIRECTION ( 'NONE',  ( 0.000000000000000000, 0.000000000000000000, -1.000000000000000000 ) ) ;
#1108 = CARTESIAN_POINT ( 'NONE',  ( -2.900000000000000355, 0.2000000000000000111, -10.45000000000000107 ) ) ;
#1109 = ADVANCED_FACE ( 'NONE', ( #2237 ), #2742, .T. ) ;
#1110 = ORIENTED_EDGE ( 'NONE', *, *, #3301, .T. ) ;
#1111 = PLANE ( 'NONE',  #1541 ) ;
#1112 = DIRECTION ( 'NONE',  ( 0.000000000000000000, 0.000000000000000000, 1.000000000000000000 ) ) ;
#1113 = CARTESIAN_POINT ( 'NONE',  ( 0.000000000000000000, -1.199999999999999956, -8.300000000000000711 ) ) ;
#1114 = ADVANCED_FACE ( 'NONE', ( #1080 ), #590, .F. ) ;
#1115 = ADVANCED_FACE ( 'NONE', ( #2821 ), #588, .T. ) ;
#1116 = FACE_OUTER_BOUND ( 'NONE', #108, .T. ) ;
#1117 = CARTESIAN_POINT ( 'NONE',  ( 0.000000000000000000, -0.9999999999763531378, -8.300000000000000711 ) ) ;
#1118 = ORIENTED_EDGE ( 'NONE', *, *, #1876, .F. ) ;
#1119 = CARTESIAN_POINT ( 'NONE',  ( -3.999999999999996447, 9.629649721936179265E-31, -11.39999999999999858 ) ) ;
#1120 = CARTESIAN_POINT ( 'NONE',  ( 3.862166607499088133, 0.2000000000000000111, -9.946388987501519452 ) ) ;
#1121 = ORIENTED_EDGE ( 'NONE', *, *, #1390, .F. ) ;
#1122 = ORIENTED_EDGE ( 'NONE', *, *, #1443, .F. ) ;
#1123 = DIRECTION ( 'NONE',  ( 1.000000000000000000, -2.168404344971008868E-16, -1.349979358736815487E-16 ) ) ;
#1124 = EDGE_CURVE ( 'NONE', #3566, #1734, #1677, .T. ) ;
#1125 = CARTESIAN_POINT ( 'NONE',  ( 3.399999999999999023, 0.000000000000000000, -3.750000000000000000 ) ) ;
#1126 = ORIENTED_EDGE ( 'NONE', *, *, #760, .F. ) ;
#1127 = EDGE_CURVE ( 'NONE', #85, #3117, #13, .T. ) ;
#1128 = EDGE_CURVE ( 'NONE', #3506, #293, #2778, .T. ) ;
#1129 = ORIENTED_EDGE ( 'NONE', *, *, #1263, .T. ) ;
#1130 = DIRECTION ( 'NONE',  ( 0.000000000000000000, 0.000000000000000000, -1.000000000000000000 ) ) ;
#1131 = PRESENTATION_STYLE_ASSIGNMENT (( #1690 ) ) ;
#1132 = ORIENTED_EDGE ( 'NONE', *, *, #1143, .F. ) ;
#1133 = VECTOR ( 'NONE', #2377, 1000.000000000000000 ) ;
#1134 = FACE_OUTER_BOUND ( 'NONE', #1844, .T. ) ;
#1135 = STYLED_ITEM ( 'NONE', ( #1131 ), #678 ) ;
#1136 = CARTESIAN_POINT ( 'NONE',  ( -0.2446587632569925674, 0.3499999999999999778, -12.79859873968900352 ) ) ;
#1137 = EDGE_LOOP ( 'NONE', ( #1852, #2538, #1695, #2997 ) ) ;
#1138 = CARTESIAN_POINT ( 'NONE',  ( 0.000000000000000000, -1.199999999926149030, -8.300000000000000711 ) ) ;
#1139 = ORIENTED_EDGE ( 'NONE', *, *, #2294, .T. ) ;
#1140 =( GEOMETRIC_REPRESENTATION_CONTEXT ( 3 ) GLOBAL_UNCERTAINTY_ASSIGNED_CONTEXT ( ( #146 ) ) GLOBAL_UNIT_ASSIGNED_CONTEXT ( ( #148, #920, #111 ) ) REPRESENTATION_CONTEXT ( 'NONE', 'WORKASPACE' ) );
#1141 = PLANE ( 'NONE',  #2717 ) ;
#1142 = CYLINDRICAL_SURFACE ( 'NONE', #2429, 3.000000000000000444 ) ;
#1143 = EDGE_CURVE ( 'NONE', #45, #2140, #2601, .T. ) ;
#1144 = AXIS2_PLACEMENT_3D ( 'NONE', #1113, #3320, #3276 ) ;
#1145 = ADVANCED_FACE ( 'NONE', ( #622 ), #1493, .T. ) ;
#1146 = CIRCLE ( 'NONE', #812, 0.2000000000000005107 ) ;
#1147 = VERTEX_POINT ( 'NONE', #2533 ) ;
#1148 = VECTOR ( 'NONE', #1768, 1000.000000000000114 ) ;
#1149 = DIRECTION ( 'NONE',  ( 0.000000000000000000, 1.000000000000000000, 0.000000000000000000 ) ) ;
#1150 = DIRECTION ( 'NONE',  ( 0.9819449375075981479, 0.000000000000000000, -0.1891669625045536152 ) ) ;
#1151 = FILL_AREA_STYLE ('',( #1382 ) ) ;
#1152 = AXIS2_PLACEMENT_3D ( 'NONE', #67, #1165, #2268 ) ;
#1153 = CARTESIAN_POINT ( 'NONE',  ( -3.399999999999999467, 0.2999999999999999889, -2.250000000000000444 ) ) ;
#1154 = FACE_OUTER_BOUND ( 'NONE', #997, .T. ) ;
#1155 = CARTESIAN_POINT ( 'NONE',  ( -3.699999999999998845, 5.782411586589358625E-16, -1.250000000000000000 ) ) ;
#1156 = VERTEX_POINT ( 'NONE', #1155 ) ;
#1157 = ADVANCED_FACE ( 'NONE', ( #281 ), #2262, .F. ) ;
#1158 = ADVANCED_FACE ( 'NONE', ( #890 ), #1384, .T. ) ;
#1159 = LINE ( 'NONE', #2264, #1785 ) ;
#1160 = ORIENTED_EDGE ( 'NONE', *, *, #2704, .F. ) ;
#1161 = AXIS2_PLACEMENT_3D ( 'NONE', #1188, #1981, #3102 ) ;
#1162 = AXIS2_PLACEMENT_3D ( 'NONE', #2808, #1944, #2767 ) ;
#1163 = AXIS2_PLACEMENT_3D ( 'NONE', #2108, #3543, #1593 ) ;
#1164 = EDGE_LOOP ( 'NONE', ( #244, #316, #2267, #1244, #735, #3131, #406, #2192 ) ) ;
#1165 = DIRECTION ( 'NONE',  ( 0.000000000000000000, 0.000000000000000000, 1.000000000000000000 ) ) ;
#1166 = ORIENTED_EDGE ( 'NONE', *, *, #251, .F. ) ;
#1167 = ORIENTED_EDGE ( 'NONE', *, *, #2201, .F. ) ;
#1168 = LINE ( 'NONE', #3373, #1594 ) ;
#1169 = PLANE ( 'NONE',  #525 ) ;
#1170 = CARTESIAN_POINT ( 'NONE',  ( 4.000000000000000888, 5.999999999999999112, -1.250000000000000000 ) ) ;
#1171 = ORIENTED_EDGE ( 'NONE', *, *, #2726, .F. ) ;
#1172 = AXIS2_PLACEMENT_3D ( 'NONE', #904, #1454, #385 ) ;
#1173 = DIRECTION ( 'NONE',  ( 1.000000000000000000, 0.000000000000000000, -0.000000000000000000 ) ) ;
#1174 = DIRECTION ( 'NONE',  ( -0.000000000000000000, -1.000000000000000000, -0.000000000000000000 ) ) ;
#1175 = CARTESIAN_POINT ( 'NONE',  ( -3.000000000000001332, -2.999999999999999112, 2.500000000000000000 ) ) ;
#1176 = EDGE_LOOP ( 'NONE', ( #1064, #2743, #87, #628 ) ) ;
#1177 = CARTESIAN_POINT ( 'NONE',  ( 0.000000000000000000, 2.999999999999999556, 2.500000000000000000 ) ) ;
#1178 = ORIENTED_EDGE ( 'NONE', *, *, #730, .F. ) ;
#1179 = PRODUCT_CONTEXT ( 'NONE', #1670, 'mechanical' ) ;
#1180 = EDGE_LOOP ( 'NONE', ( #2981, #420, #1681, #156 ) ) ;
#1181 = EDGE_CURVE ( 'NONE', #2839, #2534, #856, .T. ) ;
#1182 = CARTESIAN_POINT ( 'NONE',  ( -2.900000000000000355, 0.000000000000000000, -10.45000000000000107 ) ) ;
#1183 = VERTEX_POINT ( 'NONE', #1495 ) ;
#1184 = ORIENTED_EDGE ( 'NONE', *, *, #2132, .T. ) ;
#1185 = DIRECTION ( 'NONE',  ( 1.000000000000000000, 0.000000000000000000, 1.239088197126287514E-15 ) ) ;
#1186 = PLANE ( 'NONE',  #641 ) ;
#1187 = DIRECTION ( 'NONE',  ( -0.000000000000000000, -0.000000000000000000, -1.000000000000000000 ) ) ;
#1188 = CARTESIAN_POINT ( 'NONE',  ( 4.649999999999999467, 0.2999999999999999889, -3.000000000000000000 ) ) ;
#1189 = DIRECTION ( 'NONE',  ( 0.000000000000000000, -1.000000000000000000, -0.000000000000000000 ) ) ;
#1190 = LINE ( 'NONE', #640, #3350 ) ;
#1191 = ORIENTED_EDGE ( 'NONE', *, *, #557, .T. ) ;
#1192 = EDGE_CURVE ( 'NONE', #1859, #2407, #1458, .T. ) ;
#1193 = VECTOR ( 'NONE', #1256, 1000.000000000000000 ) ;
#1194 = CARTESIAN_POINT ( 'NONE',  ( 4.400000000000000355, -1.084202172485504434E-16, -9.449999999999999289 ) ) ;
#1195 = ORIENTED_EDGE ( 'NONE', *, *, #380, .F. ) ;
#1196 = APPLICATION_PROTOCOL_DEFINITION ( 'draft international standard', 'automotive_design', 1998, #2441 ) ;
#1197 = CARTESIAN_POINT ( 'NONE',  ( 4.000000000000000000, 0.000000000000000000, 0.000000000000000000 ) ) ;
#1198 = ORIENTED_EDGE ( 'NONE', *, *, #2818, .F. ) ;
#1199 = VECTOR ( 'NONE', #1130, 1000.000000000000000 ) ;
#1200 = VERTEX_POINT ( 'NONE', #1748 ) ;
#1201 = DIRECTION ( 'NONE',  ( 1.203706215242022846E-31, 1.000000000000000000, 0.000000000000000000 ) ) ;
#1202 = FACE_OUTER_BOUND ( 'NONE', #982, .T. ) ;
#1203 = LINE ( 'NONE', #3134, #625 ) ;
#1204 = ORIENTED_EDGE ( 'NONE', *, *, #3540, .T. ) ;
#1205 = CARTESIAN_POINT ( 'NONE',  ( 6.018531076210114778E-33, 0.05000000000000000278, -10.45000000000000107 ) ) ;
#1206 = CARTESIAN_POINT ( 'NONE',  ( -2.917157287525380838, 3.000000000000000000, 2.699999999999999734 ) ) ;
#1207 = AXIS2_PLACEMENT_3D ( 'NONE', #1935, #2796, #2528 ) ;
#1208 = AXIS2_PLACEMENT_3D ( 'NONE', #2923, #2944, #3210 ) ;
#1209 = ORIENTED_EDGE ( 'NONE', *, *, #1181, .F. ) ;
#1210 = CARTESIAN_POINT ( 'NONE',  ( -3.999999999999995559, 6.000000000000000888, -5.775000000000001243 ) ) ;
#1211 = ORIENTED_EDGE ( 'NONE', *, *, #2525, .F. ) ;
#1212 = APPLICATION_PROTOCOL_DEFINITION ( 'draft international standard', 'automotive_design', 1998, #532 ) ;
#1213 = ORIENTED_EDGE ( 'NONE', *, *, #171, .F. ) ;
#1214 = VECTOR ( 'NONE', #922, 1000.000000000000000 ) ;
#1215 = DIRECTION ( 'NONE',  ( -7.228014483236698528E-16, -1.000000000000000000, -0.000000000000000000 ) ) ;
#1216 = PRODUCT_DEFINITION_SHAPE ( 'NONE', 'NONE',  #3571 ) ;
#1217 = EDGE_LOOP ( 'NONE', ( #2693, #1905, #365, #2299 ) ) ;
#1218 = VECTOR ( 'NONE', #2854, 1000.000000000000000 ) ;
#1219 = VERTEX_POINT ( 'NONE', #2570 ) ;
#1220 = CARTESIAN_POINT ( 'NONE',  ( 4.400000000000000355, 0.2000000000000000111, -10.05000000000000249 ) ) ;
#1221 = CARTESIAN_POINT ( 'NONE',  ( 0.000000000000000000, -0.9999999999763531378, -8.300000000000000711 ) ) ;
#1222 = CARTESIAN_POINT ( 'NONE',  ( -5.099999999999999645, 0.000000000000000000, -2.649999999999999467 ) ) ;
#1223 = EDGE_LOOP ( 'NONE', ( #3554, #3160, #3309, #687, #3202, #3028, #1139, #2612 ) ) ;
#1224 = EDGE_CURVE ( 'NONE', #1958, #2056, #95, .T. ) ;
#1225 = DIRECTION ( 'NONE',  ( 0.000000000000000000, 1.000000000000000000, 0.000000000000000000 ) ) ;
#1226 = CARTESIAN_POINT ( 'NONE',  ( -2.800000000000001155, -2.599999999999999645, 2.700000000000000178 ) ) ;
#1227 = CARTESIAN_POINT ( 'NONE',  ( 0.000000000000000000, -1.199999999999999956, -2.000000000000000000 ) ) ;
#1228 = LINE ( 'NONE', #694, #2965 ) ;
#1229 = VECTOR ( 'NONE', #1952, 1000.000000000000000 ) ;
#1230 = LINE ( 'NONE', #399, #1551 ) ;
#1231 = ORIENTED_EDGE ( 'NONE', *, *, #1929, .F. ) ;
#1232 = ADVANCED_FACE ( 'NONE', ( #390 ), #963, .T. ) ;
#1233 =( NAMED_UNIT ( * ) SI_UNIT ( $, .STERADIAN. ) SOLID_ANGLE_UNIT ( ) );
#1234 = LINE ( 'NONE', #1777, #1719 ) ;
#1235 = VERTEX_POINT ( 'NONE', #1766 ) ;
#1236 = EDGE_CURVE ( 'NONE', #2559, #1376, #3379, .T. ) ;
#1237 = PRODUCT_RELATED_PRODUCT_CATEGORY ( 'part', '', ( #393 ) ) ;
#1238 = LINE ( 'NONE', #2349, #2522 ) ;
#1239 = DIRECTION ( 'NONE',  ( 2.168404344971008868E-16, 1.000000000000000000, -0.000000000000000000 ) ) ;
#1240 = PRODUCT_DEFINITION_SHAPE ( 'NONE', 'NONE',  #1658 ) ;
#1241 = PLANE ( 'NONE',  #1601 ) ;
#1242 = CARTESIAN_POINT ( 'NONE',  ( -3.999999999999998224, 4.200000000000000178, -10.40000000000000213 ) ) ;
#1243 = PRODUCT_CONTEXT ( 'NONE', #1436, 'mechanical' ) ;
#1244 = ORIENTED_EDGE ( 'NONE', *, *, #3017, .T. ) ;
#1245 = VECTOR ( 'NONE', #2449, 1000.000000000000000 ) ;
#1246 = VECTOR ( 'NONE', #885, 1000.000000000000000 ) ;
#1247 = CARTESIAN_POINT ( 'NONE',  ( 4.400000000000000355, 0.2000000000000000111, -9.750000000000000000 ) ) ;
#1248 = PLANE ( 'NONE',  #2000 ) ;
#1249 = VERTEX_POINT ( 'NONE', #1509 ) ;
#1250 = EDGE_CURVE ( 'NONE', #2848, #1427, #2554, .T. ) ;
#1251 = DIRECTION ( 'NONE',  ( -1.203706215242022846E-31, -1.000000000000000000, -0.000000000000000000 ) ) ;
#1252 = EDGE_CURVE ( 'NONE', #1066, #2715, #1190, .T. ) ;
#1253 = CARTESIAN_POINT ( 'NONE',  ( 4.400000000000000355, -1.084202172485504434E-16, -10.05000000000000249 ) ) ;
#1254 = ORIENTED_EDGE ( 'NONE', *, *, #917, .T. ) ;
#1255 = VECTOR ( 'NONE', #819, 1000.000000000000000 ) ;
#1256 = DIRECTION ( 'NONE',  ( 1.000000000000000000, 0.000000000000000000, -0.000000000000000000 ) ) ;
#1257 = DIRECTION ( 'NONE',  ( 0.000000000000000000, 1.000000000000000000, -0.000000000000000000 ) ) ;
#1258 =( GEOMETRIC_REPRESENTATION_CONTEXT ( 3 ) GLOBAL_UNCERTAINTY_ASSIGNED_CONTEXT ( ( #1466 ) ) GLOBAL_UNIT_ASSIGNED_CONTEXT ( ( #1343, #259, #2424 ) ) REPRESENTATION_CONTEXT ( 'NONE', 'WORKASPACE' ) );
#1259 = DIRECTION ( 'NONE',  ( -1.000000000000000000, 0.000000000000000000, -0.000000000000000000 ) ) ;
#1260 = VERTEX_POINT ( 'NONE', #3104 ) ;
#1261 = AXIS2_PLACEMENT_3D ( 'NONE', #283, #592, #561 ) ;
#1262 = ORIENTED_EDGE ( 'NONE', *, *, #3187, .T. ) ;
#1263 = EDGE_CURVE ( 'NONE', #1020, #1752, #2298, .T. ) ;
#1264 = CIRCLE ( 'NONE', #818, 3.000000000000000444 ) ;
#1265 = LINE ( 'NONE', #979, #2942 ) ;
#1266 = VECTOR ( 'NONE', #1375, 1000.000000000000000 ) ;
#1267 = CARTESIAN_POINT ( 'NONE',  ( 6.018531076210114778E-33, 0.05000000000000000278, -3.750000000000000000 ) ) ;
#1268 = ORIENTED_EDGE ( 'NONE', *, *, #129, .F. ) ;
#1269 = DIRECTION ( 'NONE',  ( 0.000000000000000000, 0.000000000000000000, 1.000000000000000000 ) ) ;
#1270 = LINE ( 'NONE', #2643, #2323 ) ;
#1271 = CARTESIAN_POINT ( 'NONE',  ( 4.400000000000000355, 0.2000000000000000111, -10.05000000000000249 ) ) ;
#1272 = ORIENTED_EDGE ( 'NONE', *, *, #2912, .T. ) ;
#1273 = AXIS2_PLACEMENT_3D ( 'NONE', #358, #2490, #649 ) ;
#1274 = AXIS2_PLACEMENT_3D ( 'NONE', #2149, #799, #2941 ) ;
#1275 = PRODUCT ( 'Lumberg_1503_03', 'Lumberg_1503_03', '', ( #680 ) ) ;
#1276 = DIRECTION ( 'NONE',  ( 0.1891669625045598047, 0.000000000000000000, -0.9819449375075970377 ) ) ;
#1277 = CARTESIAN_POINT ( 'NONE',  ( 5.100000000000000533, 0.2999999999999999889, -3.350000000000000089 ) ) ;
#1278 = DIRECTION ( 'NONE',  ( 1.000000000000000000, -1.203706215242022846E-31, 0.000000000000000000 ) ) ;
#1279 = CYLINDRICAL_SURFACE ( 'NONE', #1496, 0.5999999999999998668 ) ;
#1280 = ORIENTED_EDGE ( 'NONE', *, *, #3098, .T. ) ;
#1281 = ORIENTED_EDGE ( 'NONE', *, *, #378, .T. ) ;
#1282 = ADVANCED_FACE ( 'NONE', ( #2616 ), #78, .F. ) ;
#1284 = AXIS2_PLACEMENT_3D ( 'NONE', #1019, #1869, #2362 ) ;
#1283 = CARTESIAN_POINT ( 'NONE',  ( 0.000000000000000000, -1.199999999999999956, -7.700000000000000178 ) ) ;
#1285 = ORIENTED_EDGE ( 'NONE', *, *, #202, .F. ) ;
#1286 = LINE ( 'NONE', #981, #2176 ) ;
#1287 = EDGE_CURVE ( 'NONE', #119, #1971, #660, .T. ) ;
#1288 = CARTESIAN_POINT ( 'NONE',  ( 3.900000000000000355, 0.000000000000000000, -9.750000000000000000 ) ) ;
#1289 = DIRECTION ( 'NONE',  ( 0.9819449375075974817, 0.000000000000000000, 0.1891669625045565850 ) ) ;
#1290 = PLANE ( 'NONE',  #3016 ) ;
#1291 = ORIENTED_EDGE ( 'NONE', *, *, #2692, .T. ) ;
#1292 = PRESENTATION_STYLE_ASSIGNMENT (( #492 ) ) ;
#1293 = DIRECTION ( 'NONE',  ( 0.000000000000000000, -1.000000000000000000, -0.000000000000000000 ) ) ;
#1294 = CARTESIAN_POINT ( 'NONE',  ( -3.999999999999998224, 4.200000000000000178, -10.40000000000000213 ) ) ;
#1295 = CARTESIAN_POINT ( 'NONE',  ( 3.900000000000000355, 0.2000000000000000111, -9.050000000000000711 ) ) ;
#1296 = ORIENTED_EDGE ( 'NONE', *, *, #1655, .F. ) ;
#1297 = EDGE_CURVE ( 'NONE', #81, #426, #943, .T. ) ;
#1298 = DIRECTION ( 'NONE',  ( 0.000000000000000000, -1.000000000000000000, 0.000000000000000000 ) ) ;
#1299 = VERTEX_POINT ( 'NONE', #2889 ) ;
#1300 = PRODUCT_DEFINITION_SHAPE ( 'NONE', 'NONE',  #3568 ) ;
#1301 = CARTESIAN_POINT ( 'NONE',  ( 0.3499999999999999778, 0.3499999999999999778, -13.29999999999999893 ) ) ;
#1302 = DIRECTION ( 'NONE',  ( 0.000000000000000000, 0.000000000000000000, -1.000000000000000000 ) ) ;
#1303 = DIRECTION ( 'NONE',  ( 0.2056050412439791863, 0.000000000000000000, -0.9786350530279720461 ) ) ;
#1304 = LINE ( 'NONE', #2419, #257 ) ;
#1305 = ORIENTED_EDGE ( 'NONE', *, *, #3046, .F. ) ;
#1306 = PLANE ( 'NONE',  #1840 ) ;
#1307 =( LENGTH_UNIT ( ) NAMED_UNIT ( * ) SI_UNIT ( .MILLI., .METRE. ) );
#1308 = VECTOR ( 'NONE', #2165, 1000.000000000000000 ) ;
#1309 = DIRECTION ( 'NONE',  ( 0.000000000000000000, 0.000000000000000000, -1.000000000000000000 ) ) ;
#1310 = LINE ( 'NONE', #2426, #434 ) ;
#1311 = ORIENTED_EDGE ( 'NONE', *, *, #1635, .T. ) ;
#1312 = CARTESIAN_POINT ( 'NONE',  ( 5.100000000000000533, 0.000000000000000000, -3.349999999999999645 ) ) ;
#1313 = VERTEX_POINT ( 'NONE', #3138 ) ;
#1314 = PLANE ( 'NONE',  #162 ) ;
#1315 = EDGE_LOOP ( 'NONE', ( #1826, #282, #1305, #2311 ) ) ;
#1316 = VECTOR ( 'NONE', #333, 1000.000000000000114 ) ;
#1317 = AXIS2_PLACEMENT_3D ( 'NONE', #1117, #573, #2187 ) ;
#1318 = LINE ( 'NONE', #2142, #3216 ) ;
#1319 = CARTESIAN_POINT ( 'NONE',  ( 0.000000000000000000, 2.999999999999999556, 0.000000000000000000 ) ) ;
#1320 = DIRECTION ( 'NONE',  ( 0.000000000000000000, -0.000000000000000000, -1.000000000000000000 ) ) ;
#1321 = ORIENTED_EDGE ( 'NONE', *, *, #202, .T. ) ;
#1322 = CARTESIAN_POINT ( 'NONE',  ( 2.900000000000000355, 0.2000000000000000111, -9.050000000000000711 ) ) ;
#1323 = AXIS2_PLACEMENT_3D ( 'NONE', #236, #531, #1612 ) ;
#1324 = VECTOR ( 'NONE', #1303, 1000.000000000000000 ) ;
#1325 = LINE ( 'NONE', #2457, #1837 ) ;
#1326 = SURFACE_SIDE_STYLE ('',( #1076 ) ) ;
#1327 = CARTESIAN_POINT ( 'NONE',  ( 3.900000000000000355, 0.2000000000000000111, -9.750000000000000000 ) ) ;
#1328 = EDGE_CURVE ( 'NONE', #1461, #3061, #2873, .T. ) ;
#1329 = PRODUCT_DEFINITION_SHAPE ( 'NONE', 'NONE',  #3569 ) ;
#1330 = FACE_OUTER_BOUND ( 'NONE', #1083, .T. ) ;
#1331 = DIRECTION ( 'NONE',  ( -1.000000000000000000, 0.000000000000000000, -0.000000000000000000 ) ) ;
#1332 = EDGE_LOOP ( 'NONE', ( #3078, #2092, #1846, #2455 ) ) ;
#1333 = PLANE ( 'NONE',  #179 ) ;
#1334 = EDGE_LOOP ( 'NONE', ( #646, #816, #2685, #1579 ) ) ;
#1335 = LINE ( 'NONE', #2569, #1245 ) ;
#1336 = ORIENTED_EDGE ( 'NONE', *, *, #1387, .T. ) ;
#1337 = VECTOR ( 'NONE', #1778, 1000.000000000000114 ) ;
#1338 = FACE_OUTER_BOUND ( 'NONE', #1217, .T. ) ;
#1339 = DIRECTION ( 'NONE',  ( -0.000000000000000000, 0.000000000000000000, -1.000000000000000000 ) ) ;
#1340 = CARTESIAN_POINT ( 'NONE',  ( 3.399999999999999467, 1.805559322863037991E-32, -2.250000000000000444 ) ) ;
#1341 = ORIENTED_EDGE ( 'NONE', *, *, #662, .F. ) ;
#1342 = FACE_OUTER_BOUND ( 'NONE', #1480, .T. ) ;
#1343 =( LENGTH_UNIT ( ) NAMED_UNIT ( * ) SI_UNIT ( .MILLI., .METRE. ) );
#1344 = LINE ( 'NONE', #2220, #3162 ) ;
#1345 = ADVANCED_FACE ( 'NONE', ( #3438 ), #955, .T. ) ;
#1346 = DIRECTION ( 'NONE',  ( -0.000000000000000000, -1.000000000000000000, -0.000000000000000000 ) ) ;
#1347 = CARTESIAN_POINT ( 'NONE',  ( 2.917157287525380838, 2.999999999999999112, 2.699999999999999734 ) ) ;
#1348 = ORIENTED_EDGE ( 'NONE', *, *, #3420, .T. ) ;
#1349 = CARTESIAN_POINT ( 'NONE',  ( 2.900000000000000355, 0.000000000000000000, -10.45000000000000107 ) ) ;
#1350 = ORIENTED_EDGE ( 'NONE', *, *, #845, .T. ) ;
#1351 = DIRECTION ( 'NONE',  ( 0.000000000000000000, 0.000000000000000000, -1.000000000000000000 ) ) ;
#1352 = FACE_OUTER_BOUND ( 'NONE', #354, .T. ) ;
#1353 = EDGE_CURVE ( 'NONE', #2056, #661, #356, .T. ) ;
#1354 = LINE ( 'NONE', #1119, #3355 ) ;
#1355 = DIRECTION ( 'NONE',  ( -1.000000000000000000, 0.000000000000000000, -0.000000000000000000 ) ) ;
#1356 = VERTEX_POINT ( 'NONE', #3533 ) ;
#1357 = CIRCLE ( 'NONE', #1827, 0.4000000000037289838 ) ;
#1358 = EDGE_CURVE ( 'NONE', #1901, #1975, #1568, .T. ) ;
#1359 = EDGE_CURVE ( 'NONE', #1467, #2804, #3485, .T. ) ;
#1360 = LINE ( 'NONE', #258, #2988 ) ;
#1361 = DIRECTION ( 'NONE',  ( 1.000000000000000000, 0.000000000000000000, 0.000000000000000000 ) ) ;
#1362 = DIRECTION ( 'NONE',  ( -1.000000000000000000, 2.168404344971008868E-16, 0.000000000000000000 ) ) ;
#1363 = CARTESIAN_POINT ( 'NONE',  ( 3.000000000000000444, 2.999999999999999556, 2.500000000000000000 ) ) ;
#1364 = ORIENTED_EDGE ( 'NONE', *, *, #2403, .T. ) ;
#1365 = CARTESIAN_POINT ( 'NONE',  ( 7.347880794884117764E-17, -1.199999999999999956, -8.900000000000000355 ) ) ;
#1366 = ORIENTED_EDGE ( 'NONE', *, *, #17, .T. ) ;
#1367 = LINE ( 'NONE', #2842, #1706 ) ;
#1368 = VECTOR ( 'NONE', #3256, 1000.000000000000000 ) ;
#1369 = EDGE_CURVE ( 'NONE', #775, #1507, #2679, .T. ) ;
#1370 = EDGE_LOOP ( 'NONE', ( #1759, #328, #1942, #2979 ) ) ;
#1371 = DIRECTION ( 'NONE',  ( -1.000000000000000000, 0.000000000000000000, -0.000000000000000000 ) ) ;
#1372 = VECTOR ( 'NONE', #37, 1000.000000000000000 ) ;
#1373 = EDGE_CURVE ( 'NONE', #3466, #85, #2926, .T. ) ;
#1374 = VECTOR ( 'NONE', #3365, 1000.000000000000000 ) ;
#1375 = DIRECTION ( 'NONE',  ( -0.000000000000000000, 0.000000000000000000, -1.000000000000000000 ) ) ;
#1376 = VERTEX_POINT ( 'NONE', #2930 ) ;
#1377 = ADVANCED_FACE ( 'NONE', ( #2914 ), #1248, .F. ) ;
#1378 = VECTOR ( 'NONE', #2306, 1000.000000000000000 ) ;
#1379 = ORIENTED_EDGE ( 'NONE', *, *, #217, .F. ) ;
#1380 = LINE ( 'NONE', #1916, #2239 ) ;
#1381 =( NAMED_UNIT ( * ) PLANE_ANGLE_UNIT ( ) SI_UNIT ( $, .RADIAN. ) );
#1382 = FILL_AREA_STYLE_COLOUR ( '', #1021 ) ;
#1383 = LINE ( 'NONE', #2131, #1513 ) ;
#1384 = PLANE ( 'NONE',  #648 ) ;
#1385 = EDGE_LOOP ( 'NONE', ( #1213, #1659, #3534, #2111, #2035 ) ) ;
#1386 = AXIS2_PLACEMENT_3D ( 'NONE', #505, #3219, #813 ) ;
#1387 = EDGE_CURVE ( 'NONE', #1427, #1467, #226, .T. ) ;
#1388 = CARTESIAN_POINT ( 'NONE',  ( -3.999999999999996447, 9.629649721936179265E-31, -9.050000000000000711 ) ) ;
#1389 = EDGE_LOOP ( 'NONE', ( #161, #3324, #962, #2895 ) ) ;
#1390 = EDGE_CURVE ( 'NONE', #35, #1219, #3233, .T. ) ;
#1391 = DIRECTION ( 'NONE',  ( 0.000000000000000000, 0.000000000000000000, 1.000000000000000000 ) ) ;
#1392 = ORIENTED_EDGE ( 'NONE', *, *, #1067, .F. ) ;
#1393 = EDGE_CURVE ( 'NONE', #1183, #2325, #1863, .T. ) ;
#1394 = FACE_OUTER_BOUND ( 'NONE', #3105, .T. ) ;
#1395 = DIRECTION ( 'NONE',  ( -1.000000000000000000, 0.000000000000000000, 2.551063935260010491E-16 ) ) ;
#1396 = ADVANCED_FACE ( 'NONE', ( #1884 ), #1314, .T. ) ;
#1397 = VERTEX_POINT ( 'NONE', #502 ) ;
#1398 = CARTESIAN_POINT ( 'NONE',  ( -3.700000000000000178, 0.05000000000000000278, -4.750000000000000888 ) ) ;
#1399 = CARTESIAN_POINT ( 'NONE',  ( 5.100000000000000533, 0.000000000000000000, -3.350000000000000089 ) ) ;
#1400 = LINE ( 'NONE', #3337, #1654 ) ;
#1401 = VECTOR ( 'NONE', #2024, 1000.000000000000000 ) ;
#1402 = PLANE ( 'NONE',  #1792 ) ;
#1403 = CARTESIAN_POINT ( 'NONE',  ( 3.700000000000000178, 0.05000000000000000278, -2.250000000000000444 ) ) ;
#1404 = ORIENTED_EDGE ( 'NONE', *, *, #2834, .F. ) ;
#1405 = AXIS2_PLACEMENT_3D ( 'NONE', #2945, #3512, #414 ) ;
#1406 = DIRECTION ( 'NONE',  ( 0.000000000000000000, 0.7071067811865474617, 0.7071067811865474617 ) ) ;
#1407 = EDGE_CURVE ( 'NONE', #3532, #1590, #2622, .T. ) ;
#1408 = ORIENTED_EDGE ( 'NONE', *, *, #3414, .T. ) ;
#1409 = EDGE_CURVE ( 'NONE', #630, #2333, #2394, .T. ) ;
#1410 = ORIENTED_EDGE ( 'NONE', *, *, #2277, .F. ) ;
#1411 = CARTESIAN_POINT ( 'NONE',  ( -3.999999999999995559, 6.000000000000000888, -1.249999999999999556 ) ) ;
#1412 = DIRECTION ( 'NONE',  ( -1.000000000000000000, 0.000000000000000000, 0.000000000000000000 ) ) ;
#1413 = EDGE_LOOP ( 'NONE', ( #2501, #3197, #3146, #2866 ) ) ;
#1414 = CARTESIAN_POINT ( 'NONE',  ( 4.400000000000000355, 0.2000000000000000111, -9.750000000000000000 ) ) ;
#1415 = EDGE_CURVE ( 'NONE', #878, #2272, #3465, .T. ) ;
#1416 = CARTESIAN_POINT ( 'NONE',  ( 3.000000000000000444, 3.000000000000000000, 2.700000000000000178 ) ) ;
#1417 = CARTESIAN_POINT ( 'NONE',  ( -0.3499999999999999778, 0.000000000000000000, -13.29999999999999893 ) ) ;
#1418 = CIRCLE ( 'NONE', #3260, 0.5999999999999998668 ) ;
#1419 = LINE ( 'NONE', #93, #3228 ) ;
#1420 = CARTESIAN_POINT ( 'NONE',  ( 2.800000000000000711, 8.599999999999999645, 2.700000000000000178 ) ) ;
#1421 = EDGE_LOOP ( 'NONE', ( #2561, #3372, #1445, #3250 ) ) ;
#1422 = LINE ( 'NONE', #353, #3406 ) ;
#1423 = ORIENTED_EDGE ( 'NONE', *, *, #2009, .T. ) ;
#1424 = ORIENTED_EDGE ( 'NONE', *, *, #607, .T. ) ;
#1425 = AXIS2_PLACEMENT_3D ( 'NONE', #2953, #487, #1302 ) ;
#1426 = DIRECTION ( 'NONE',  ( 1.000000000000000000, 0.000000000000000000, 0.000000000000000000 ) ) ;
#1427 = VERTEX_POINT ( 'NONE', #789 ) ;
#1428 = EDGE_CURVE ( 'NONE', #301, #2325, #1286, .T. ) ;
#1429 = UNCERTAINTY_MEASURE_WITH_UNIT (LENGTH_MEASURE( 1.000000000000000082E-05 ), #1447, 'distance_accuracy_value', 'NONE');
#1430 = ORIENTED_EDGE ( 'NONE', *, *, #421, .F. ) ;
#1431 = AXIS2_PLACEMENT_3D ( 'NONE', #2994, #1309, #3480 ) ;
#1432 = CARTESIAN_POINT ( 'NONE',  ( -4.400000000000000355, 0.2000000000000000111, -10.45000000000000107 ) ) ;
#1433 = CARTESIAN_POINT ( 'NONE',  ( 4.400000000000000355, 0.000000000000000000, -10.45000000000000107 ) ) ;
#1434 = CARTESIAN_POINT ( 'NONE',  ( 3.399999999999999467, 7.222237291452151965E-32, -1.250000000000000000 ) ) ;
#1435 = ORIENTED_EDGE ( 'NONE', *, *, #2911, .T. ) ;
#1436 = APPLICATION_CONTEXT ( 'automotive_design' ) ;
#1437 = VECTOR ( 'NONE', #2879, 1000.000000000000000 ) ;
#1438 = CIRCLE ( 'NONE', #1554, 0.2500000000000002220 ) ;
#1439 = PLANE ( 'NONE',  #3427 ) ;
#1440 = CARTESIAN_POINT ( 'NONE',  ( 0.000000000000000000, 0.3499999999999999778, -12.84999999999999787 ) ) ;
#1441 = CARTESIAN_POINT ( 'NONE',  ( 3.399999999999999911, -8.673617379884035472E-16, -11.39999999999999858 ) ) ;
#1442 = ORIENTED_EDGE ( 'NONE', *, *, #1407, .F. ) ;
#1443 = EDGE_CURVE ( 'NONE', #3079, #1590, #2358, .T. ) ;
#1444 = CARTESIAN_POINT ( 'NONE',  ( 3.000000000000000444, 3.000000000000000000, 0.000000000000000000 ) ) ;
#1445 = ORIENTED_EDGE ( 'NONE', *, *, #2235, .T. ) ;
#1446 = AXIS2_PLACEMENT_3D ( 'NONE', #2582, #702, #2900 ) ;
#1447 =( LENGTH_UNIT ( ) NAMED_UNIT ( * ) SI_UNIT ( .MILLI., .METRE. ) );
#1448 = VECTOR ( 'NONE', #2369, 1000.000000000000000 ) ;
#1449 = EDGE_LOOP ( 'NONE', ( #3442, #1105, #1132, #1631 ) ) ;
#1450 = FACE_BOUND ( 'NONE', #794, .T. ) ;
#1451 = ORIENTED_EDGE ( 'NONE', *, *, #1539, .T. ) ;
#1452 = DIRECTION ( 'NONE',  ( 0.000000000000000000, -1.000000000000000000, -0.000000000000000000 ) ) ;
#1453 = PLANE ( 'NONE',  #231 ) ;
#1454 = DIRECTION ( 'NONE',  ( 0.000000000000000000, 1.000000000000000000, 0.000000000000000000 ) ) ;
#1455 = AXIS2_PLACEMENT_3D ( 'NONE', #2627, #164, #3451 ) ;
#1456 = CARTESIAN_POINT ( 'NONE',  ( -2.900000000000000355, 0.2000000000000000111, -9.050000000000000711 ) ) ;
#1457 = CARTESIAN_POINT ( 'NONE',  ( -0.7500000000000000000, 0.3499999999999999778, -11.39999999999999858 ) ) ;
#1458 = LINE ( 'NONE', #137, #1962 ) ;
#1459 = ORIENTED_EDGE ( 'NONE', *, *, #803, .F. ) ;
#1460 = LINE ( 'NONE', #2605, #3167 ) ;
#1461 = VERTEX_POINT ( 'NONE', #3501 ) ;
#1462 = EDGE_LOOP ( 'NONE', ( #2886, #2518, #2175, #1803 ) ) ;
#1463 = CARTESIAN_POINT ( 'NONE',  ( 4.649999999999999467, 0.000000000000000000, -3.000000000000000000 ) ) ;
#1464 = ORIENTED_EDGE ( 'NONE', *, *, #2543, .F. ) ;
#1465 = EDGE_CURVE ( 'NONE', #940, #1313, #3560, .T. ) ;
#1466 = UNCERTAINTY_MEASURE_WITH_UNIT (LENGTH_MEASURE( 1.000000000000000082E-05 ), #1343, 'distance_accuracy_value', 'NONE');
#1467 = VERTEX_POINT ( 'NONE', #3185 ) ;
#1468 = LINE ( 'NONE', #670, #2705 ) ;
#1469 = PLANE ( 'NONE',  #2840 ) ;
#1470 = CARTESIAN_POINT ( 'NONE',  ( -3.999999999999998224, 6.000000000000000888, -12.19999999999999751 ) ) ;
#1471 = ADVANCED_FACE ( 'NONE', ( #1013 ), #718, .F. ) ;
#1472 = ADVANCED_FACE ( 'NONE', ( #3362 ), #370, .F. ) ;
#1473 = FACE_OUTER_BOUND ( 'NONE', #1180, .T. ) ;
#1474 = CARTESIAN_POINT ( 'NONE',  ( -4.400000000000000355, 0.2000000000000000111, -10.45000000000000107 ) ) ;
#1475 = CARTESIAN_POINT ( 'NONE',  ( 2.800000000000000266, 2.999999999999998668, 2.700000000000000178 ) ) ;
#1476 = ORIENTED_EDGE ( 'NONE', *, *, #123, .F. ) ;
#1477 = DIRECTION ( 'NONE',  ( -0.000000000000000000, -0.000000000000000000, -1.000000000000000000 ) ) ;
#1478 = ORIENTED_EDGE ( 'NONE', *, *, #2386, .T. ) ;
#1479 = APPLICATION_PROTOCOL_DEFINITION ( 'draft international standard', 'automotive_design', 1998, #1854 ) ;
#1480 = EDGE_LOOP ( 'NONE', ( #222, #753, #2223, #2827, #1951 ) ) ;
#1481 = STYLED_ITEM ( 'NONE', ( #939 ), #712 ) ;
#1482 = FACE_OUTER_BOUND ( 'NONE', #1164, .T. ) ;
#1483 = EDGE_CURVE ( 'NONE', #1235, #320, #1335, .T. ) ;
#1484 = VERTEX_POINT ( 'NONE', #94 ) ;
#1485 = VECTOR ( 'NONE', #2397, 1000.000000000000000 ) ;
#1486 = EDGE_CURVE ( 'NONE', #381, #1249, #2716, .T. ) ;
#1487 = ORIENTED_EDGE ( 'NONE', *, *, #760, .T. ) ;
#1488 = DIRECTION ( 'NONE',  ( -0.9819449375075969266, 0.000000000000000000, 0.1891669625045596936 ) ) ;
#1489 = PLANE ( 'NONE',  #1103 ) ;
#1490 = DIRECTION ( 'NONE',  ( 0.000000000000000000, 0.000000000000000000, 1.000000000000000000 ) ) ;
#1491 = EDGE_LOOP ( 'NONE', ( #929, #291, #3263, #2098, #176, #664, #1814, #3335 ) ) ;
#1492 = EDGE_CURVE ( 'NONE', #3566, #293, #2297, .T. ) ;
#1493 =( BOUNDED_SURFACE ( )  B_SPLINE_SURFACE ( 3, 3, ( 
 ( #315, #1420, #1939, #1099 ),
 ( #1347, #1710, #2799, #1920 ),
 ( #2207, #2482, #330, #1657 ),
 ( #1363, #56, #2760, #1637 ) ),
 .UNSPECIFIED., .F., .F., .F. ) 
 B_SPLINE_SURFACE_WITH_KNOTS ( ( 4, 4 ),
 ( 4, 4 ),
 ( 0.000000000000000000, 1.000000000000000000 ),
 ( 0.000000000000000000, 1.000000000000000000 ),
 .UNSPECIFIED. ) 
 GEOMETRIC_REPRESENTATION_ITEM ( )  RATIONAL_B_SPLINE_SURFACE ( (
 ( 1.000000000000000000, 0.3333333333333334259, 0.3333333333333334259, 1.000000000000000000),
 ( 0.8047378541243649375, 0.2682459513747884050, 0.2682459513747884050, 0.8047378541243649375),
 ( 0.8047378541243649375, 0.2682459513747884050, 0.2682459513747884050, 0.8047378541243649375),
 ( 1.000000000000000000, 0.3333333333333334259, 0.3333333333333334259, 1.000000000000000000) ) ) 
 REPRESENTATION_ITEM ( '' )  SURFACE ( )  );
#1494 = DIRECTION ( 'NONE',  ( 0.000000000000000000, -1.000000000000000000, -0.000000000000000000 ) ) ;
#1495 = CARTESIAN_POINT ( 'NONE',  ( 3.700000000000001954, 5.999999999999999112, -4.750000000000001776 ) ) ;
#1496 = AXIS2_PLACEMENT_3D ( 'NONE', #2700, #1928, #3025 ) ;
#1497 = DIRECTION ( 'NONE',  ( 0.000000000000000000, -1.000000000000000000, -0.000000000000000000 ) ) ;
#1498 = DIRECTION ( 'NONE',  ( -1.000000000000000000, -0.000000000000000000, 0.000000000000000000 ) ) ;
#1499 = EDGE_LOOP ( 'NONE', ( #1231, #2031 ) ) ;
#1500 = AXIS2_PLACEMENT_3D ( 'NONE', #3068, #2777, #1966 ) ;
#1501 = EDGE_CURVE ( 'NONE', #2317, #723, #546, .T. ) ;
#1502 = DIRECTION ( 'NONE',  ( 1.000000000000000000, 0.000000000000000000, 0.000000000000000000 ) ) ;
#1503 = EDGE_CURVE ( 'NONE', #3000, #1611, #1367, .T. ) ;
#1504 = EDGE_LOOP ( 'NONE', ( #2225, #1995, #2071, #134 ) ) ;
#1505 = UNCERTAINTY_MEASURE_WITH_UNIT (LENGTH_MEASURE( 1.000000000000000082E-05 ), #2974, 'distance_accuracy_value', 'NONE');
#1506 = CARTESIAN_POINT ( 'NONE',  ( 3.400000000000002576, 4.200000000000000178, -10.40000000000000213 ) ) ;
#1507 = VERTEX_POINT ( 'NONE', #563 ) ;
#1508 = FACE_OUTER_BOUND ( 'NONE', #3191, .T. ) ;
#1509 = CARTESIAN_POINT ( 'NONE',  ( 3.400000000000002576, 4.200000000000000178, -10.40000000000000213 ) ) ;
#1510 = PLANE ( 'NONE',  #1722 ) ;
#1511 = DIRECTION ( 'NONE',  ( 0.000000000000000000, 1.000000000000000000, 0.000000000000000000 ) ) ;
#1512 = ORIENTED_EDGE ( 'NONE', *, *, #3075, .F. ) ;
#1513 = VECTOR ( 'NONE', #1362, 1000.000000000000000 ) ;
#1514 = ADVANCED_FACE ( 'NONE', ( #923 ), #2584, .F. ) ;
#1515 = ADVANCED_FACE ( 'NONE', ( #1154 ), #2025, .F. ) ;
#1516 = LINE ( 'NONE', #2066, #1725 ) ;
#1517 = CARTESIAN_POINT ( 'NONE',  ( -2.800000000000001155, -2.600000000000000089, 2.700000000000000178 ) ) ;
#1518 = ORIENTED_EDGE ( 'NONE', *, *, #3458, .T. ) ;
#1519 = PRODUCT_DEFINITION_FORMATION_WITH_SPECIFIED_SOURCE ( 'ANY', '', #2891, .NOT_KNOWN. ) ;
#1520 =( NAMED_UNIT ( * ) PLANE_ANGLE_UNIT ( ) SI_UNIT ( $, .RADIAN. ) );
#1521 = DIRECTION ( 'NONE',  ( 1.000000000000000000, 0.000000000000000000, -0.000000000000000000 ) ) ;
#1522 = CARTESIAN_POINT ( 'NONE',  ( -3.999999999999998224, 6.000000000000000888, -10.40000000000000213 ) ) ;
#1523 = ORIENTED_EDGE ( 'NONE', *, *, #1409, .F. ) ;
#1524 =( REPRESENTATION_RELATIONSHIP ('NONE','NONE', #1821, #1974 ) REPRESENTATION_RELATIONSHIP_WITH_TRANSFORMATION ( #911 )SHAPE_REPRESENTATION_RELATIONSHIP( ) );
#1525 = EDGE_CURVE ( 'NONE', #1356, #1991, #1418, .T. ) ;
#1526 = EDGE_CURVE ( 'NONE', #2782, #3129, #55, .T. ) ;
#1527 = CARTESIAN_POINT ( 'NONE',  ( -3.999999999999998224, 6.000000000000000888, -1.250000000000000000 ) ) ;
#1528 = FACE_OUTER_BOUND ( 'NONE', #3500, .T. ) ;
#1529 = CARTESIAN_POINT ( 'NONE',  ( -3.399999999999999467, 0.05000000000000000278, -3.750000000000000000 ) ) ;
#1530 = CARTESIAN_POINT ( 'NONE',  ( 5.099999999999999645, 0.000000000000000000, -3.750000000000000000 ) ) ;
#1531 = ITEM_DEFINED_TRANSFORMATION ( 'NONE', 'NONE', #1599,  #521 ) ;
#1532 = VECTOR ( 'NONE', #998, 1000.000000000000000 ) ;
#1533 = CARTESIAN_POINT ( 'NONE',  ( -3.700000000000000178, 4.814824860968089633E-31, -4.750000000000000888 ) ) ;
#1534 = CARTESIAN_POINT ( 'NONE',  ( 0.2446587632569932891, 0.3499999999999999778, -12.79859873968900352 ) ) ;
#1535 = ORIENTED_EDGE ( 'NONE', *, *, #3381, .F. ) ;
#1536 = CARTESIAN_POINT ( 'NONE',  ( -4.000000000000000000, 8.673617379884035472E-16, -5.775000000000000355 ) ) ;
#1537 = PLANE ( 'NONE',  #1927 ) ;
#1538 = ORIENTED_EDGE ( 'NONE', *, *, #1786, .T. ) ;
#1539 = EDGE_CURVE ( 'NONE', #1675, #305, #1982, .T. ) ;
#1540 = ADVANCED_FACE ( 'NONE', ( #1604 ), #1068, .T. ) ;
#1541 = AXIS2_PLACEMENT_3D ( 'NONE', #2565, #1704, #2813 ) ;
#1542 = DIRECTION ( 'NONE',  ( 1.000000000000000000, 0.000000000000000000, -0.000000000000000000 ) ) ;
#1543 = PRODUCT_DEFINITION ( 'UNKNOWN', '', #3436, #401 ) ;
#1544 = VECTOR ( 'NONE', #1521, 1000.000000000000000 ) ;
#1545 = DIRECTION ( 'NONE',  ( 0.000000000000000000, 1.000000000000000000, 0.000000000000000000 ) ) ;
#1546 = LINE ( 'NONE', #2924, #494 ) ;
#1547 = PRESENTATION_LAYER_ASSIGNMENT (  '', '', ( #1089 ) ) ;
#1548 = ADVANCED_FACE ( 'NONE', ( #3267 ), #2733, .F. ) ;
#1549 = ORIENTED_EDGE ( 'NONE', *, *, #3551, .T. ) ;
#1550 = APPLICATION_CONTEXT ( 'automotive_design' ) ;
#1551 = VECTOR ( 'NONE', #932, 1000.000000000000000 ) ;
#1552 = LINE ( 'NONE', #500, #2370 ) ;
#1553 = ORIENTED_EDGE ( 'NONE', *, *, #3302, .F. ) ;
#1554 = AXIS2_PLACEMENT_3D ( 'NONE', #34, #2737, #1630 ) ;
#1555 = DIRECTION ( 'NONE',  ( -3.329236973468617048E-46, -1.000000000000000000, 2.686844230450935556E-31 ) ) ;
#1556 = ORIENTED_EDGE ( 'NONE', *, *, #421, .T. ) ;
#1557 = DIRECTION ( 'NONE',  ( -1.000000000000000000, 0.000000000000000000, 0.000000000000000000 ) ) ;
#1558 = DIRECTION ( 'NONE',  ( 0.000000000000000000, -0.000000000000000000, 1.000000000000000000 ) ) ;
#1559 = ORIENTED_EDGE ( 'NONE', *, *, #2681, .F. ) ;
#1560 = VECTOR ( 'NONE', #1609, 1000.000000000000000 ) ;
#1561 = FILL_AREA_STYLE ('',( #239 ) ) ;
#1562 = CARTESIAN_POINT ( 'NONE',  ( 3.862166607499088133, -5.421010862427522170E-17, -9.946388987501519452 ) ) ;
#1563 = FILL_AREA_STYLE_COLOUR ( '', #2648 ) ;
#1564 = DIRECTION ( 'NONE',  ( -1.000000000000000000, 0.000000000000000000, 2.551063935260010491E-16 ) ) ;
#1565 = EDGE_LOOP ( 'NONE', ( #2927, #191, #977, #3343 ) ) ;
#1566 = CARTESIAN_POINT ( 'NONE',  ( 3.700000000000001954, 5.999999999999999112, -1.250000000000000000 ) ) ;
#1567 = VERTEX_POINT ( 'NONE', #2553 ) ;
#1568 = LINE ( 'NONE', #160, #183 ) ;
#1569 = VERTEX_POINT ( 'NONE', #1084 ) ;
#1570 = CARTESIAN_POINT ( 'NONE',  ( -3.700000000000000178, 8.673617379884035472E-16, -4.750000000000000888 ) ) ;
#1571 = CARTESIAN_POINT ( 'NONE',  ( 3.862166607499088133, 0.2000000000000000111, -9.553611012498480548 ) ) ;
#1572 = DIRECTION ( 'NONE',  ( -0.000000000000000000, -1.000000000000000000, -0.000000000000000000 ) ) ;
#1573 = ORIENTED_EDGE ( 'NONE', *, *, #3541, .T. ) ;
#1574 = VECTOR ( 'NONE', #3211, 1000.000000000000000 ) ;
#1575 = FILL_AREA_STYLE_COLOUR ( '', #2992 ) ;
#1576 = CARTESIAN_POINT ( 'NONE',  ( -1.800000000000000266, 3.000000000000000000, -11.30000000000000071 ) ) ;
#1577 = SURFACE_STYLE_FILL_AREA ( #2130 ) ;
#1578 = CARTESIAN_POINT ( 'NONE',  ( 0.000000000000000000, 4.200000000000000178, -12.19999999999999929 ) ) ;
#1579 = ORIENTED_EDGE ( 'NONE', *, *, #3333, .T. ) ;
#1580 = LINE ( 'NONE', #1082, #2022 ) ;
#1581 = ORIENTED_EDGE ( 'NONE', *, *, #841, .T. ) ;
#1582 = PRODUCT_DEFINITION_SHAPE ( 'NONE', 'NONE',  #2630 ) ;
#1583 = CARTESIAN_POINT ( 'NONE',  ( 0.000000000000000000, 2.999999999999999556, 2.700000000004365575 ) ) ;
#1584 = EDGE_LOOP ( 'NONE', ( #1687, #3049, #1810, #2047 ) ) ;
#1585 = CIRCLE ( 'NONE', #42, 1.800000000000000266 ) ;
#1586 = EDGE_CURVE ( 'NONE', #2852, #2407, #77, .T. ) ;
#1587 = DIRECTION ( 'NONE',  ( 0.9786350530279720461, -0.000000000000000000, 0.2056050412439791863 ) ) ;
#1588 = LINE ( 'NONE', #1571, #135 ) ;
#1589 = PLANE ( 'NONE',  #996 ) ;
#1590 = VERTEX_POINT ( 'NONE', #3289 ) ;
#1591 = FACE_OUTER_BOUND ( 'NONE', #1048, .T. ) ;
#1592 = CARTESIAN_POINT ( 'NONE',  ( 3.399999999999999023, 0.2999999999999999889, -2.250000000000000444 ) ) ;
#1593 = DIRECTION ( 'NONE',  ( -1.000000000000000000, 0.000000000000000000, 0.000000000000000000 ) ) ;
#1594 = VECTOR ( 'NONE', #902, 1000.000000000000000 ) ;
#1595 = CARTESIAN_POINT ( 'NONE',  ( 2.900000000000000355, 0.05000000000000000278, -9.050000000000000711 ) ) ;
#1596 = DIRECTION ( 'NONE',  ( -0.9786350530279723792, 0.000000000000000000, -0.2056050412439770492 ) ) ;
#1597 = VECTOR ( 'NONE', #2725, 1000.000000000000000 ) ;
#1598 = ORIENTED_EDGE ( 'NONE', *, *, #1833, .F. ) ;
#1599 = AXIS2_PLACEMENT_3D ( 'NONE', #1990, #1957, #2243 ) ;
#1600 =( GEOMETRIC_REPRESENTATION_CONTEXT ( 3 ) GLOBAL_UNCERTAINTY_ASSIGNED_CONTEXT ( ( #1505 ) ) GLOBAL_UNIT_ASSIGNED_CONTEXT ( ( #2974, #1381, #73 ) ) REPRESENTATION_CONTEXT ( 'NONE', 'WORKASPACE' ) );
#1601 = AXIS2_PLACEMENT_3D ( 'NONE', #2300, #2352, #974 ) ;
#1602 = DIRECTION ( 'NONE',  ( -0.9819449375075969266, 0.000000000000000000, 0.1891669625045597769 ) ) ;
#1603 = ORIENTED_EDGE ( 'NONE', *, *, #91, .T. ) ;
#1604 = FACE_OUTER_BOUND ( 'NONE', #1413, .T. ) ;
#1605 = CIRCLE ( 'NONE', #2651, 3.000000000000000444 ) ;
#1606 = EDGE_CURVE ( 'NONE', #293, #2530, #829, .T. ) ;
#1607 = AXIS2_PLACEMENT_3D ( 'NONE', #875, #1694, #1967 ) ;
#1608 = CARTESIAN_POINT ( 'NONE',  ( -5.100000000000000533, 0.000000000000000000, -3.750000000000000000 ) ) ;
#1609 = DIRECTION ( 'NONE',  ( -1.000000000000000000, -0.000000000000000000, 0.000000000000000000 ) ) ;
#1610 = LINE ( 'NONE', #254, #3286 ) ;
#1611 = VERTEX_POINT ( 'NONE', #3020 ) ;
#1612 = DIRECTION ( 'NONE',  ( 0.000000000000000000, -0.000000000000000000, -1.000000000000000000 ) ) ;
#1613 = VECTOR ( 'NONE', #2053, 1000.000000000000000 ) ;
#1614 = DIRECTION ( 'NONE',  ( 0.000000000000000000, 0.000000000000000000, 1.000000000000000000 ) ) ;
#1615 = DIRECTION ( 'NONE',  ( 0.000000000000000000, 0.000000000000000000, -1.000000000000000000 ) ) ;
#1616 = VECTOR ( 'NONE', #1257, 1000.000000000000000 ) ;
#1617 = DIRECTION ( 'NONE',  ( 0.000000000000000000, 0.000000000000000000, -1.000000000000000000 ) ) ;
#1618 = FACE_OUTER_BOUND ( 'NONE', #1385, .T. ) ;
#1619 = DIRECTION ( 'NONE',  ( 0.000000000000000000, -0.000000000000000000, -1.000000000000000000 ) ) ;
#1620 = EDGE_LOOP ( 'NONE', ( #2659, #2785, #673, #910 ) ) ;
#1621 = EDGE_CURVE ( 'NONE', #3186, #2011, #1357, .T. ) ;
#1622 = DIRECTION ( 'NONE',  ( -2.168404344971008079E-15, -0.000000000000000000, 1.000000000000000000 ) ) ;
#1623 = ORIENTED_EDGE ( 'NONE', *, *, #858, .T. ) ;
#1624 = DIRECTION ( 'NONE',  ( -0.9786350530279723792, 0.000000000000000000, 0.2056050412439770492 ) ) ;
#1625 = EDGE_CURVE ( 'NONE', #2506, #3566, #942, .T. ) ;
#1626 = ADVANCED_FACE ( 'NONE', ( #3453 ), #2872, .F. ) ;
#1627 = VECTOR ( 'NONE', #1818, 1000.000000000000000 ) ;
#1628 = DIRECTION ( 'NONE',  ( 0.000000000000000000, 0.000000000000000000, 1.000000000000000000 ) ) ;
#1629 = DIRECTION ( 'NONE',  ( 1.000000000000000000, -1.203706215242022846E-31, 0.000000000000000000 ) ) ;
#1630 = DIRECTION ( 'NONE',  ( 0.000000000000000000, 0.000000000000000000, -1.000000000000000000 ) ) ;
#1631 = ORIENTED_EDGE ( 'NONE', *, *, #2805, .F. ) ;
#1632 = DIRECTION ( 'NONE',  ( -0.000000000000000000, 1.000000000000000000, 0.000000000000000000 ) ) ;
#1633 = DIRECTION ( 'NONE',  ( 0.000000000000000000, -0.000000000000000000, 1.000000000000000000 ) ) ;
#1634 = LINE ( 'NONE', #2740, #2694 ) ;
#1635 = EDGE_CURVE ( 'NONE', #2210, #382, #3176, .T. ) ;
#1636 = LINE ( 'NONE', #497, #1864 ) ;
#1637 = CARTESIAN_POINT ( 'NONE',  ( -3.000000000000000444, 3.000000000000000000, 2.500000000000000000 ) ) ;
#1638 = EDGE_LOOP ( 'NONE', ( #1254, #751, #900, #3038 ) ) ;
#1639 = EDGE_CURVE ( 'NONE', #3466, #2446, #3147, .T. ) ;
#1640 = DIRECTION ( 'NONE',  ( -0.000000000000000000, 1.000000000000000000, 0.000000000000000000 ) ) ;
#1641 = EDGE_LOOP ( 'NONE', ( #3089, #985, #1281, #3398 ) ) ;
#1642 = DIRECTION ( 'NONE',  ( 1.000000000000000000, 0.000000000000000000, -1.239088197126293430E-15 ) ) ;
#1643 = DIRECTION ( 'NONE',  ( 0.000000000000000000, 0.000000000000000000, 1.000000000000000000 ) ) ;
#1644 = EDGE_CURVE ( 'NONE', #1010, #30, #2043, .T. ) ;
#1645 = ORIENTED_EDGE ( 'NONE', *, *, #1740, .F. ) ;
#1646 = LINE ( 'NONE', #1887, #1895 ) ;
#1647 = CARTESIAN_POINT ( 'NONE',  ( -5.100000000000000533, 0.2999999999999999889, -3.349999999999999645 ) ) ;
#1648 = VERTEX_POINT ( 'NONE', #724 ) ;
#1649 = VECTOR ( 'NONE', #2677, 1000.000000000000000 ) ;
#1650 = ORIENTED_EDGE ( 'NONE', *, *, #1358, .F. ) ;
#1651 = CARTESIAN_POINT ( 'NONE',  ( -3.399999999999999023, 4.200000000000000178, -12.19999999999999929 ) ) ;
#1652 = CARTESIAN_POINT ( 'NONE',  ( -4.649999999999999467, 0.2999999999999999889, -3.000000000000000000 ) ) ;
#1653 = ADVANCED_FACE ( 'NONE', ( #1006 ), #2602, .F. ) ;
#1654 = VECTOR ( 'NONE', #296, 1000.000000000000000 ) ;
#1655 = EDGE_CURVE ( 'NONE', #2766, #3486, #454, .T. ) ;
#1656 = LINE ( 'NONE', #2741, #3242 ) ;
#1657 = CARTESIAN_POINT ( 'NONE',  ( -3.000000000000000888, 3.000000000000000000, 2.617157287525381459 ) ) ;
#1658 = PRODUCT_DEFINITION ( 'UNKNOWN', '', #1519, #2811 ) ;
#1659 = ORIENTED_EDGE ( 'NONE', *, *, #2423, .F. ) ;
#1660 = CIRCLE ( 'NONE', #3161, 0.5999999999999998668 ) ;
#1661 = CARTESIAN_POINT ( 'NONE',  ( -4.400000000000000355, 0.000000000000000000, -10.45000000000000107 ) ) ;
#1662 = ORIENTED_EDGE ( 'NONE', *, *, #1526, .F. ) ;
#1663 = EDGE_CURVE ( 'NONE', #565, #1066, #1585, .T. ) ;
#1664 =( GEOMETRIC_REPRESENTATION_CONTEXT ( 3 ) GLOBAL_UNCERTAINTY_ASSIGNED_CONTEXT ( ( #1429 ) ) GLOBAL_UNIT_ASSIGNED_CONTEXT ( ( #1447, #2211, #3037 ) ) REPRESENTATION_CONTEXT ( 'NONE', 'WORKASPACE' ) );
#1665 = ORIENTED_EDGE ( 'NONE', *, *, #2629, .T. ) ;
#1666 = PLANE ( 'NONE',  #1793 ) ;
#1667 = VECTOR ( 'NONE', #1023, 1000.000000000000000 ) ;
#1668 = MECHANICAL_DESIGN_GEOMETRIC_PRESENTATION_REPRESENTATION (  '', ( #1089 ), #587 ) ;
#1669 = PLANE ( 'NONE',  #2887 ) ;
#1670 = APPLICATION_CONTEXT ( 'automotive_design' ) ;
#1671 = VECTOR ( 'NONE', #551, 1000.000000000000000 ) ;
#1672 = ORIENTED_EDGE ( 'NONE', *, *, #3434, .T. ) ;
#1673 = LINE ( 'NONE', #2218, #2421 ) ;
#1674 = LINE ( 'NONE', #3358, #3222 ) ;
#1675 = VERTEX_POINT ( 'NONE', #1277 ) ;
#1676 = CARTESIAN_POINT ( 'NONE',  ( 3.399999999999999911, -2.888894916580853780E-31, -12.19999999999999929 ) ) ;
#1677 = LINE ( 'NONE', #3304, #2371 ) ;
#1678 = ORIENTED_EDGE ( 'NONE', *, *, #1297, .F. ) ;
#1679 = CIRCLE ( 'NONE', #3415, 1.800000000002910383 ) ;
#1680 = CARTESIAN_POINT ( 'NONE',  ( -2.900000000000000355, 0.2000000000000000111, -9.050000000000000711 ) ) ;
#1681 = ORIENTED_EDGE ( 'NONE', *, *, #2664, .T. ) ;
#1682 = DIRECTION ( 'NONE',  ( 1.000000000000000000, 0.000000000000000000, 0.000000000000000000 ) ) ;
#1683 = EDGE_LOOP ( 'NONE', ( #3409, #112, #2153, #2359 ) ) ;
#1684 = DIRECTION ( 'NONE',  ( 0.000000000000000000, 0.000000000000000000, 1.000000000000000000 ) ) ;
#1685 = CARTESIAN_POINT ( 'NONE',  ( 5.099999999999999645, 0.2999999999999999889, -3.000000000000000000 ) ) ;
#1686 = ORIENTED_EDGE ( 'NONE', *, *, #2164, .T. ) ;
#1687 = ORIENTED_EDGE ( 'NONE', *, *, #3264, .F. ) ;
#1688 = FACE_OUTER_BOUND ( 'NONE', #1565, .T. ) ;
#1689 = FACE_OUTER_BOUND ( 'NONE', #843, .T. ) ;
#1690 = SURFACE_STYLE_USAGE ( .BOTH. , #2478 ) ;
#1691 = ORIENTED_EDGE ( 'NONE', *, *, #3277, .T. ) ;
#1692 = VECTOR ( 'NONE', #2728, 1000.000000000000000 ) ;
#1693 = CARTESIAN_POINT ( 'NONE',  ( 0.000000000000000000, -1.199999999999999956, -8.300000000000000711 ) ) ;
#1694 = DIRECTION ( 'NONE',  ( 0.000000000000000000, 1.000000000000000000, 0.000000000000000000 ) ) ;
#1695 = ORIENTED_EDGE ( 'NONE', *, *, #3264, .T. ) ;
#1696 = LINE ( 'NONE', #3346, #233 ) ;
#1697 = VERTEX_POINT ( 'NONE', #408 ) ;
#1698 = SHAPE_REPRESENTATION_RELATIONSHIP ( 'NONE' , 'NONE' ,  #3464, #1056 ) ;
#1699 = EDGE_LOOP ( 'NONE', ( #1121, #100, #1296, #1984 ) ) ;
#1700 = CARTESIAN_POINT ( 'NONE',  ( 3.700000000000001510, -5.782411586589358625E-16, -4.750000000000001776 ) ) ;
#1701 = ORIENTED_EDGE ( 'NONE', *, *, #858, .F. ) ;
#1702 = ORIENTED_EDGE ( 'NONE', *, *, #1192, .T. ) ;
#1703 = EDGE_CURVE ( 'NONE', #2333, #301, #689, .T. ) ;
#1704 = DIRECTION ( 'NONE',  ( 0.2056050412439770769, 0.000000000000000000, -0.9786350530279724902 ) ) ;
#1705 = DIRECTION ( 'NONE',  ( 1.000000000000000000, 0.000000000000000000, 0.000000000000000000 ) ) ;
#1706 = VECTOR ( 'NONE', #2261, 1000.000000000000000 ) ;
#1707 = VECTOR ( 'NONE', #2055, 1000.000000000000000 ) ;
#1708 = CARTESIAN_POINT ( 'NONE',  ( 5.099999999999999645, 0.2999999999999999889, -2.649999999999999467 ) ) ;
#1709 = CARTESIAN_POINT ( 'NONE',  ( -3.999999999999998224, 8.673617379884035472E-16, -4.750000000000000888 ) ) ;
#1710 = CARTESIAN_POINT ( 'NONE',  ( 2.917157287525380838, 8.834314575050759899, 2.699999999999999734 ) ) ;
#1711 = ORIENTED_EDGE ( 'NONE', *, *, #1428, .T. ) ;
#1712 = LINE ( 'NONE', #2824, #3111 ) ;
#1713 = ORIENTED_EDGE ( 'NONE', *, *, #749, .F. ) ;
#1714 = CARTESIAN_POINT ( 'NONE',  ( 0.000000000000000000, 0.000000000000000000, 0.000000000000000000 ) ) ;
#1715 = ORIENTED_EDGE ( 'NONE', *, *, #3461, .T. ) ;
#1716 = AXIS2_PLACEMENT_3D ( 'NONE', #937, #2019, #109 ) ;
#1717 = CARTESIAN_POINT ( 'NONE',  ( 2.900000000000000355, 0.2000000000000000111, -9.050000000000000711 ) ) ;
#1718 = ORIENTED_EDGE ( 'NONE', *, *, #2691, .T. ) ;
#1719 = VECTOR ( 'NONE', #1801, 1000.000000000000000 ) ;
#1720 = EDGE_CURVE ( 'NONE', #2393, #2329, #1238, .T. ) ;
#1721 = ORIENTED_EDGE ( 'NONE', *, *, #1798, .T. ) ;
#1722 = AXIS2_PLACEMENT_3D ( 'NONE', #2634, #2617, #693 ) ;
#1723 = LINE ( 'NONE', #2836, #459 ) ;
#1724 = CARTESIAN_POINT ( 'NONE',  ( -3.999999999999995559, 6.000000000000000888, -10.40000000000000213 ) ) ;
#1725 = VECTOR ( 'NONE', #3407, 1000.000000000000000 ) ;
#1726 = CARTESIAN_POINT ( 'NONE',  ( 2.900000000000000355, 0.000000000000000000, -9.050000000000000711 ) ) ;
#1727 = DIRECTION ( 'NONE',  ( 0.000000000000000000, -0.000000000000000000, 1.000000000000000000 ) ) ;
#1728 = CARTESIAN_POINT ( 'NONE',  ( 2.917157287525379061, -2.834314575050762119, 2.699999999999999734 ) ) ;
#1729 = ORIENTED_EDGE ( 'NONE', *, *, #216, .T. ) ;
#1730 = LINE ( 'NONE', #394, #976 ) ;
#1731 = VERTEX_POINT ( 'NONE', #1804 ) ;
#1732 = VECTOR ( 'NONE', #232, 1000.000000000000000 ) ;
#1733 = DIRECTION ( 'NONE',  ( 0.000000000000000000, 0.000000000000000000, 1.000000000000000000 ) ) ;
#1734 = VERTEX_POINT ( 'NONE', #2586 ) ;
#1735 = EDGE_CURVE ( 'NONE', #1697, #723, #3437, .T. ) ;
#1736 = DIRECTION ( 'NONE',  ( -1.000000000000000000, 0.000000000000000000, 0.000000000000000000 ) ) ;
#1737 = APPLICATION_CONTEXT ( 'automotive_design' ) ;
#1738 = ORIENTED_EDGE ( 'NONE', *, *, #1625, .T. ) ;
#1739 = ADVANCED_FACE ( 'NONE', ( #136 ), #115, .F. ) ;
#1740 = EDGE_CURVE ( 'NONE', #857, #1749, #2058, .T. ) ;
#1741 = ORIENTED_EDGE ( 'NONE', *, *, #841, .F. ) ;
#1742 = LINE ( 'NONE', #1414, #688 ) ;
#1743 = DIRECTION ( 'NONE',  ( -0.000000000000000000, 1.000000000000000000, 0.000000000000000000 ) ) ;
#1744 = DIRECTION ( 'NONE',  ( 1.000000000000000000, -2.168404344971009361E-16, 0.000000000000000000 ) ) ;
#1745 = ORIENTED_EDGE ( 'NONE', *, *, #2642, .T. ) ;
#1746 = CARTESIAN_POINT ( 'NONE',  ( -3.700000000000000178, 0.05000000000000000278, -3.750000000000000000 ) ) ;
#1747 = CARTESIAN_POINT ( 'NONE',  ( -3.399999999999999467, 8.673617379884034486E-16, -10.40000000000000213 ) ) ;
#1748 = CARTESIAN_POINT ( 'NONE',  ( 4.000000000000000888, 5.999999999999999112, -12.19999999999999751 ) ) ;
#1749 = VERTEX_POINT ( 'NONE', #3475 ) ;
#1750 = EDGE_CURVE ( 'NONE', #249, #1926, #969, .T. ) ;
#1751 = DIRECTION ( 'NONE',  ( -1.000000000000000000, 0.000000000000000000, -0.000000000000000000 ) ) ;
#1752 = VERTEX_POINT ( 'NONE', #3493 ) ;
#1753 = ITEM_DEFINED_TRANSFORMATION ( 'NONE', 'NONE', #2126,  #521 ) ;
#1754 = EDGE_LOOP ( 'NONE', ( #3229, #2037, #149, #729 ) ) ;
#1755 = EDGE_CURVE ( 'NONE', #3486, #35, #659, .T. ) ;
#1756 = DIRECTION ( 'NONE',  ( 0.000000000000000000, 0.000000000000000000, 1.000000000000000000 ) ) ;
#1757 = EDGE_CURVE ( 'NONE', #1611, #2145, #389, .T. ) ;
#1758 = ORIENTED_EDGE ( 'NONE', *, *, #766, .F. ) ;
#1759 = ORIENTED_EDGE ( 'NONE', *, *, #3333, .F. ) ;
#1760 = CARTESIAN_POINT ( 'NONE',  ( 0.000000000000000000, -0.9999999999999993339, -8.300000000000000711 ) ) ;
#1761 = CARTESIAN_POINT ( 'NONE',  ( 2.900000000000000355, 0.2000000000000000111, -10.45000000000000107 ) ) ;
#1762 = VERTEX_POINT ( 'NONE', #427 ) ;
#1763 = PRODUCT_DEFINITION_SHAPE ( 'NONE', 'NONE',  #1815 ) ;
#1764 = ADVANCED_FACE ( 'NONE', ( #1508 ), #1306, .T. ) ;
#1765 = DIRECTION ( 'NONE',  ( 0.000000000000000000, 0.000000000000000000, 1.000000000000000000 ) ) ;
#1766 = CARTESIAN_POINT ( 'NONE',  ( -0.7500000000000001110, 0.3499999999999999778, -11.39999999999999858 ) ) ;
#1767 = EDGE_CURVE ( 'NONE', #209, #3326, #3526, .T. ) ;
#1768 = DIRECTION ( 'NONE',  ( 0.9819449375075981479, 0.000000000000000000, 0.1891669625045536152 ) ) ;
#1769 = CARTESIAN_POINT ( 'NONE',  ( 0.000000000000000000, -0.9999999999999993339, -1.400000000070121375 ) ) ;
#1770 = CONTEXT_DEPENDENT_SHAPE_REPRESENTATION ( #2366, #1329 ) ;
#1771 = VERTEX_POINT ( 'NONE', #474 ) ;
#1772 = CARTESIAN_POINT ( 'NONE',  ( 3.862166607499088133, 0.2000000000000000111, -9.946388987501519452 ) ) ;
#1773 = ORIENTED_EDGE ( 'NONE', *, *, #2201, .T. ) ;
#1774 = AXIS2_PLACEMENT_3D ( 'NONE', #2547, #918, #3062 ) ;
#1775 = MANIFOLD_SOLID_BREP ( 'アングル2', #150 ) ;
#1776 =( NAMED_UNIT ( * ) SI_UNIT ( $, .STERADIAN. ) SOLID_ANGLE_UNIT ( ) );
#1777 = CARTESIAN_POINT ( 'NONE',  ( -3.699999999999999734, 0.05000000000000000278, -2.250000000000000444 ) ) ;
#1778 = DIRECTION ( 'NONE',  ( 0.9786350530279719351, 0.000000000000000000, -0.2056050412439798525 ) ) ;
#1779 = EDGE_LOOP ( 'NONE', ( #522, #48, #2574, #498 ) ) ;
#1780 =( GEOMETRIC_REPRESENTATION_CONTEXT ( 3 ) GLOBAL_UNCERTAINTY_ASSIGNED_CONTEXT ( ( #756 ) ) GLOBAL_UNIT_ASSIGNED_CONTEXT ( ( #720, #1520, #1233 ) ) REPRESENTATION_CONTEXT ( 'NONE', 'WORKASPACE' ) );
#1781 = VECTOR ( 'NONE', #2859, 1000.000000000000000 ) ;
#1782 = AXIS2_PLACEMENT_3D ( 'NONE', #153, #711, #3107 ) ;
#1783 = DIRECTION ( 'NONE',  ( 0.000000000000000000, -0.000000000000000000, 1.000000000000000000 ) ) ;
#1784 = DIRECTION ( 'NONE',  ( 0.000000000000000000, 0.000000000000000000, 1.000000000000000000 ) ) ;
#1785 = VECTOR ( 'NONE', #1987, 1000.000000000000000 ) ;
#1786 = EDGE_CURVE ( 'NONE', #517, #3091, #2686, .T. ) ;
#1787 = EDGE_CURVE ( 'NONE', #59, #2378, #3240, .T. ) ;
#1788 = VECTOR ( 'NONE', #710, 1000.000000000000000 ) ;
#1789 = DIRECTION ( 'NONE',  ( 1.349979358736815240E-16, -2.927301107106086615E-32, 1.000000000000000000 ) ) ;
#1790 = CARTESIAN_POINT ( 'NONE',  ( 0.000000000000000000, 0.000000000000000000, -8.300000000000000711 ) ) ;
#1791 = ORIENTED_EDGE ( 'NONE', *, *, #2662, .T. ) ;
#1792 = AXIS2_PLACEMENT_3D ( 'NONE', #658, #1173, #2841 ) ;
#1793 = AXIS2_PLACEMENT_3D ( 'NONE', #2013, #3351, #1684 ) ;
#1794 = DIRECTION ( 'NONE',  ( 0.000000000000000000, 0.000000000000000000, -1.000000000000000000 ) ) ;
#1795 = AXIS2_PLACEMENT_3D ( 'NONE', #512, #1293, #1042 ) ;
#1796 = PRODUCT ( '(03-772)\X2\0160\X0\O\X2\0152\X0\`\X2\0192201a0192\X0\f\X2\01922039\X0\_1', '(03-772)\X2\0160\X0\O\X2\0152\X0\`\X2\0192201a0192\X0\f\X2\01922039\X0\_1', '', ( #155 ) ) ;
#1797 = VERTEX_POINT ( 'NONE', #3558 ) ;
#1798 = EDGE_CURVE ( 'NONE', #1102, #207, #218, .T. ) ;
#1799 = PRODUCT_DEFINITION_CONTEXT ( 'detailed design', #2663, 'design' ) ;
#1800 = CARTESIAN_POINT ( 'NONE',  ( -3.999999999999996447, 9.629649721936179265E-31, -10.45000000000000107 ) ) ;
#1801 = DIRECTION ( 'NONE',  ( -0.000000000000000000, -1.000000000000000000, -0.000000000000000000 ) ) ;
#1802 = LINE ( 'NONE', #506, #553 ) ;
#1803 = ORIENTED_EDGE ( 'NONE', *, *, #788, .F. ) ;
#1804 = CARTESIAN_POINT ( 'NONE',  ( 4.400000000000000355, 0.2000000000000000111, -9.449999999999999289 ) ) ;
#1805 = DIRECTION ( 'NONE',  ( 0.9786350530279720461, 0.000000000000000000, 0.2056050412439790753 ) ) ;
#1806 = VECTOR ( 'NONE', #2070, 1000.000000000000000 ) ;
#1807 = LINE ( 'NONE', #1194, #1148 ) ;
#1808 = ORIENTED_EDGE ( 'NONE', *, *, #468, .T. ) ;
#1809 = CONTEXT_DEPENDENT_SHAPE_REPRESENTATION ( #892, #1300 ) ;
#1810 = ORIENTED_EDGE ( 'NONE', *, *, #3152, .T. ) ;
#1811 = CARTESIAN_POINT ( 'NONE',  ( -3.999999999999998224, 6.000000000000000888, -1.250000000000000000 ) ) ;
#1812 = CARTESIAN_POINT ( 'NONE',  ( 0.7500000000000000000, 0.3499999999999999778, -13.29999999999999893 ) ) ;
#1813 = ADVANCED_FACE ( 'NONE', ( #200 ), #3275, .F. ) ;
#1814 = ORIENTED_EDGE ( 'NONE', *, *, #1415, .T. ) ;
#1815 = PRODUCT_DEFINITION ( 'UNKNOWN', '', #3310, #2665 ) ;
#1816 =( NAMED_UNIT ( * ) SI_UNIT ( $, .STERADIAN. ) SOLID_ANGLE_UNIT ( ) );
#1817 = DIRECTION ( 'NONE',  ( 0.000000000000000000, 1.000000000000000000, 0.000000000000000000 ) ) ;
#1818 = DIRECTION ( 'NONE',  ( -1.000000000000000000, 2.168404344971008868E-16, 0.000000000000000000 ) ) ;
#1819 = ORIENTED_EDGE ( 'NONE', *, *, #3458, .F. ) ;
#1820 = EDGE_CURVE ( 'NONE', #1507, #1975, #2991, .T. ) ;
#1821 = SHAPE_REPRESENTATION ( 'Lumberg_1503_03', ( #2593, #2126, #581, #1599, #3163, #691, #411 ), #523 ) ;
#1822 = DIRECTION ( 'NONE',  ( -0.000000000000000000, -1.000000000000000000, -0.000000000000000000 ) ) ;
#1823 = CYLINDRICAL_SURFACE ( 'NONE', #1795, 0.2500000000000002220 ) ;
#1824 = DIRECTION ( 'NONE',  ( 1.000000000000000000, 0.000000000000000000, -0.000000000000000000 ) ) ;
#1825 = CYLINDRICAL_SURFACE ( 'NONE', #1405, 1.800000000000000266 ) ;
#1826 = ORIENTED_EDGE ( 'NONE', *, *, #2212, .F. ) ;
#1827 = AXIS2_PLACEMENT_3D ( 'NONE', #2746, #286, #3153 ) ;
#1828 = DIRECTION ( 'NONE',  ( 1.203706215242022189E-31, 1.000000000000000000, 0.000000000000000000 ) ) ;
#1829 = VERTEX_POINT ( 'NONE', #780 ) ;
#1830 = DIRECTION ( 'NONE',  ( -0.000000000000000000, 0.000000000000000000, -1.000000000000000000 ) ) ;
#1831 = EDGE_LOOP ( 'NONE', ( #2200, #1921 ) ) ;
#1832 = PRESENTATION_LAYER_ASSIGNMENT (  '', '', ( #1481 ) ) ;
#1833 = EDGE_CURVE ( 'NONE', #2867, #653, #1146, .T. ) ;
#1834 = LINE ( 'NONE', #2666, #2203 ) ;
#1835 = CARTESIAN_POINT ( 'NONE',  ( 6.018531076210114778E-33, 0.05000000000000000278, 0.000000000000000000 ) ) ;
#1836 = ORIENTED_EDGE ( 'NONE', *, *, #3434, .F. ) ;
#1837 = VECTOR ( 'NONE', #3542, 1000.000000000000000 ) ;
#1838 = CARTESIAN_POINT ( 'NONE',  ( -2.900000000000000355, 0.2000000000000000111, -10.45000000000000107 ) ) ;
#1839 = FACE_OUTER_BOUND ( 'NONE', #3266, .T. ) ;
#1840 = AXIS2_PLACEMENT_3D ( 'NONE', #2669, #1873, #1633 ) ;
#1841 = FACE_OUTER_BOUND ( 'NONE', #3546, .T. ) ;
#1842 = CARTESIAN_POINT ( 'NONE',  ( 4.400000000000000355, -3.614007241618347908E-17, -9.449999999999999289 ) ) ;
#1843 = VECTOR ( 'NONE', #62, 1000.000000000000000 ) ;
#1844 = EDGE_LOOP ( 'NONE', ( #2863, #1865, #2159, #2180 ) ) ;
#1845 = CARTESIAN_POINT ( 'NONE',  ( 3.399999999999999023, 4.814824860968101128E-32, -3.750000000000000000 ) ) ;
#1846 = ORIENTED_EDGE ( 'NONE', *, *, #746, .T. ) ;
#1847 = DIRECTION ( 'NONE',  ( -1.000000000000000000, 0.000000000000000000, 2.168404344971008079E-15 ) ) ;
#1848 = ORIENTED_EDGE ( 'NONE', *, *, #388, .T. ) ;
#1849 = FACE_OUTER_BOUND ( 'NONE', #3015, .T. ) ;
#1850 = CARTESIAN_POINT ( 'NONE',  ( 0.000000000000000000, 0.3499999999999999778, -13.29999999999999893 ) ) ;
#1851 = LINE ( 'NONE', #489, #2851 ) ;
#1852 = ORIENTED_EDGE ( 'NONE', *, *, #629, .T. ) ;
#1853 = VECTOR ( 'NONE', #1251, 1000.000000000000000 ) ;
#1854 = APPLICATION_CONTEXT ( 'automotive_design' ) ;
#1855 = DIRECTION ( 'NONE',  ( 0.9786350530279719351, 0.000000000000000000, 0.2056050412439798525 ) ) ;
#1856 = CARTESIAN_POINT ( 'NONE',  ( 3.399999999999999467, 0.2999999999999999889, -2.250000000000000444 ) ) ;
#1857 = DIRECTION ( 'NONE',  ( 0.000000000000000000, 1.000000000000000000, 0.000000000000000000 ) ) ;
#1858 = DIRECTION ( 'NONE',  ( 2.168404344971008868E-16, 1.000000000000000000, 0.000000000000000000 ) ) ;
#1859 = VERTEX_POINT ( 'NONE', #2477 ) ;
#1860 = EDGE_CURVE ( 'NONE', #1086, #264, #4, .T. ) ;
#1861 = LINE ( 'NONE', #1312, #1316 ) ;
#1862 = ORIENTED_EDGE ( 'NONE', *, *, #2256, .T. ) ;
#1863 = LINE ( 'NONE', #2952, #3446 ) ;
#1864 = VECTOR ( 'NONE', #2711, 1000.000000000000000 ) ;
#1865 = ORIENTED_EDGE ( 'NONE', *, *, #1786, .F. ) ;
#1866 = LINE ( 'NONE', #2471, #3524 ) ;
#1867 = MANIFOLD_SOLID_BREP ( 'アース端子', #1061 ) ;
#1868 = LINE ( 'NONE', #526, #3120 ) ;
#1869 = DIRECTION ( 'NONE',  ( 0.000000000000000000, 0.000000000000000000, -1.000000000000000000 ) ) ;
#1870 = ORIENTED_EDGE ( 'NONE', *, *, #2521, .T. ) ;
#1871 = CLOSED_SHELL ( 'NONE', ( #449, #60, #122, #1282, #3188, #2051, #1377, #2396, #495, #2433 ) ) ;
#1872 = CARTESIAN_POINT ( 'NONE',  ( -3.700000000000000178, 8.673617379884035472E-16, -4.750000000000000888 ) ) ;
#1873 = DIRECTION ( 'NONE',  ( 0.000000000000000000, 1.000000000000000000, 0.000000000000000000 ) ) ;
#1874 = CARTESIAN_POINT ( 'NONE',  ( -3.399999999999999467, 0.2999999999999999889, -3.750000000000000000 ) ) ;
#1875 = ADVANCED_BREP_SHAPE_REPRESENTATION ( '', ( #678, #521 ), #1664 ) ;
#1876 = EDGE_CURVE ( 'NONE', #44, #2559, #2458, .T. ) ;
#1877 = FACE_OUTER_BOUND ( 'NONE', #2231, .T. ) ;
#1878 = ORIENTED_EDGE ( 'NONE', *, *, #1503, .T. ) ;
#1879 = ADVANCED_FACE ( 'NONE', ( #1689 ), #1965, .F. ) ;
#1880 = PRODUCT_RELATED_PRODUCT_CATEGORY ( 'part', '', ( #3508 ) ) ;
#1881 = PLANE ( 'NONE',  #352 ) ;
#1882 = ORIENTED_EDGE ( 'NONE', *, *, #1750, .F. ) ;
#1883 = PRODUCT_DEFINITION_SHAPE ( 'NONE', 'NONE',  #2787 ) ;
#1884 = FACE_OUTER_BOUND ( 'NONE', #1504, .T. ) ;
#1885 = ORIENTED_EDGE ( 'NONE', *, *, #1898, .F. ) ;
#1886 = AXIS2_PLACEMENT_3D ( 'NONE', #2631, #1765, #1542 ) ;
#1887 = CARTESIAN_POINT ( 'NONE',  ( -5.099999999999999645, 0.2999999999999999889, -2.649999999999999467 ) ) ;
#1888 = DIRECTION ( 'NONE',  ( 1.000000000000000000, -1.203706215242022189E-31, 0.000000000000000000 ) ) ;
#1889 = CARTESIAN_POINT ( 'NONE',  ( 4.400000000000000355, 0.2000000000000000111, -9.050000000000000711 ) ) ;
#1890 = ORIENTED_EDGE ( 'NONE', *, *, #1000, .F. ) ;
#1891 = DIRECTION ( 'NONE',  ( -0.000000000000000000, -1.000000000000000000, 0.000000000000000000 ) ) ;
#1892 = DIRECTION ( 'NONE',  ( -1.000000000000000000, -0.000000000000000000, -0.000000000000000000 ) ) ;
#1893 = FILL_AREA_STYLE ('',( #1575 ) ) ;
#1894 = SURFACE_STYLE_FILL_AREA ( #1151 ) ;
#1895 = VECTOR ( 'NONE', #524, 1000.000000000000000 ) ;
#1896 = CARTESIAN_POINT ( 'NONE',  ( 2.900000000000000355, 0.05000000000000000278, -10.45000000000000107 ) ) ;
#1897 = LINE ( 'NONE', #1938, #1692 ) ;
#1898 = EDGE_CURVE ( 'NONE', #2804, #999, #1949, .T. ) ;
#1899 = VECTOR ( 'NONE', #585, 1000.000000000000000 ) ;
#1900 = ADVANCED_FACE ( 'NONE', ( #327 ), #1453, .F. ) ;
#1901 = VERTEX_POINT ( 'NONE', #3030 ) ;
#1902 = AXIS2_PLACEMENT_3D ( 'NONE', #3100, #295, #1112 ) ;
#1903 = AXIS2_PLACEMENT_3D ( 'NONE', #3181, #3421, #1751 ) ;
#1904 = FACE_OUTER_BOUND ( 'NONE', #3404, .T. ) ;
#1905 = ORIENTED_EDGE ( 'NONE', *, *, #1750, .T. ) ;
#1906 = DIRECTION ( 'NONE',  ( 0.000000000000000000, 0.000000000000000000, -1.000000000000000000 ) ) ;
#1907 = ORIENTED_EDGE ( 'NONE', *, *, #3315, .T. ) ;
#1908 = VECTOR ( 'NONE', #804, 1000.000000000000000 ) ;
#1909 = VECTOR ( 'NONE', #559, 1000.000000000000000 ) ;
#1910 = CARTESIAN_POINT ( 'NONE',  ( -5.099999999999999645, 0.2999999999999999889, -2.649999999999999467 ) ) ;
#1911 = CARTESIAN_POINT ( 'NONE',  ( 0.7500000000000000000, 0.3499999999999999778, -11.39999999999999858 ) ) ;
#1912 = CYLINDRICAL_SURFACE ( 'NONE', #980, 1.800000000000000266 ) ;
#1913 = VERTEX_POINT ( 'NONE', #1433 ) ;
#1914 = EDGE_CURVE ( 'NONE', #1734, #3214, #2566, .T. ) ;
#1915 = EDGE_CURVE ( 'NONE', #2446, #2810, #601, .T. ) ;
#1916 = CARTESIAN_POINT ( 'NONE',  ( -3.300000000000001155, 8.673617379884035472E-16, -5.775000000000000355 ) ) ;
#1917 = VECTOR ( 'NONE', #776, 1000.000000000000000 ) ;
#1918 = DIRECTION ( 'NONE',  ( 0.000000000000000000, 1.000000000000000000, 0.000000000000000000 ) ) ;
#1919 = DIRECTION ( 'NONE',  ( 1.000000000000000000, 0.000000000000000000, -0.000000000000000000 ) ) ;
#1920 = CARTESIAN_POINT ( 'NONE',  ( -2.917157287525380838, 3.000000000000000000, 2.699999999999999734 ) ) ;
#1921 = ORIENTED_EDGE ( 'NONE', *, *, #1621, .F. ) ;
#1922 = FACE_OUTER_BOUND ( 'NONE', #3298, .T. ) ;
#1923 = VERTEX_POINT ( 'NONE', #3082 ) ;
#1924 = CARTESIAN_POINT ( 'NONE',  ( -3.300000000000001155, 8.673617379884035472E-16, -4.750000000000001776 ) ) ;
#1925 = CARTESIAN_POINT ( 'NONE',  ( 0.000000000000000000, 0.000000000000000000, 0.000000000000000000 ) ) ;
#1926 = VERTEX_POINT ( 'NONE', #2274 ) ;
#1927 = AXIS2_PLACEMENT_3D ( 'NONE', #2381, #2956, #3490 ) ;
#1928 = DIRECTION ( 'NONE',  ( 0.000000000000000000, 1.000000000000000000, 0.000000000000000000 ) ) ;
#1929 = EDGE_CURVE ( 'NONE', #85, #3466, #491, .T. ) ;
#1930 = DIRECTION ( 'NONE',  ( 0.000000000000000000, -0.000000000000000000, 1.000000000000000000 ) ) ;
#1931 = ORIENTED_EDGE ( 'NONE', *, *, #2002, .F. ) ;
#1932 = EDGE_CURVE ( 'NONE', #1829, #3072, #1674, .T. ) ;
#1933 = ORIENTED_EDGE ( 'NONE', *, *, #2403, .F. ) ;
#1934 = CARTESIAN_POINT ( 'NONE',  ( 0.000000000000000000, 0.000000000000000000, 0.000000000000000000 ) ) ;
#1935 = CARTESIAN_POINT ( 'NONE',  ( 3.700000000000000178, 0.05000000000000000278, -3.750000000000000000 ) ) ;
#1936 = CARTESIAN_POINT ( 'NONE',  ( 4.400000000000000355, 0.2000000000000000111, -10.05000000000000249 ) ) ;
#1937 = ADVANCED_FACE ( 'NONE', ( #571 ), #1169, .F. ) ;
#1938 = CARTESIAN_POINT ( 'NONE',  ( 3.400000000000000799, -8.673617379884037444E-16, -5.775000000000001243 ) ) ;
#1939 = CARTESIAN_POINT ( 'NONE',  ( -2.799999999999999822, 8.599999999999999645, 2.700000000000000178 ) ) ;
#1940 = ORIENTED_EDGE ( 'NONE', *, *, #1929, .T. ) ;
#1941 = CARTESIAN_POINT ( 'NONE',  ( -3.399999999999999911, 0.05000000000000000278, -10.45000000000000107 ) ) ;
#1942 = ORIENTED_EDGE ( 'NONE', *, *, #1393, .T. ) ;
#1943 = ORIENTED_EDGE ( 'NONE', *, *, #701, .F. ) ;
#1944 = DIRECTION ( 'NONE',  ( 0.000000000000000000, 0.000000000000000000, 1.000000000000000000 ) ) ;
#1945 = CARTESIAN_POINT ( 'NONE',  ( -0.3499999999999999778, 0.000000000000000000, -13.29999999999999893 ) ) ;
#1946 = EDGE_CURVE ( 'NONE', #1066, #565, #57, .T. ) ;
#1947 = ORIENTED_EDGE ( 'NONE', *, *, #2896, .T. ) ;
#1948 = LINE ( 'NONE', #2706, #2360 ) ;
#1949 = LINE ( 'NONE', #1977, #586 ) ;
#1950 =( NAMED_UNIT ( * ) SI_UNIT ( $, .STERADIAN. ) SOLID_ANGLE_UNIT ( ) );
#1951 = ORIENTED_EDGE ( 'NONE', *, *, #3433, .F. ) ;
#1952 = DIRECTION ( 'NONE',  ( 0.9786350530279720461, 0.000000000000000000, 0.2056050412439790753 ) ) ;
#1953 = ORIENTED_EDGE ( 'NONE', *, *, #2613, .F. ) ;
#1954 = VECTOR ( 'NONE', #2156, 1000.000000000000000 ) ;
#1955 = CARTESIAN_POINT ( 'NONE',  ( -3.399999999999999467, 8.907425992790969324E-31, -11.39999999999999858 ) ) ;
#1956 = ORIENTED_EDGE ( 'NONE', *, *, #1067, .T. ) ;
#1957 = DIRECTION ( 'NONE',  ( 0.000000000000000000, 0.000000000000000000, 1.000000000000000000 ) ) ;
#1958 = VERTEX_POINT ( 'NONE', #2757 ) ;
#1959 = FACE_OUTER_BOUND ( 'NONE', #1003, .T. ) ;
#1960 = VECTOR ( 'NONE', #2191, 1000.000000000000000 ) ;
#1961 = DIRECTION ( 'NONE',  ( 1.000000000000000000, 0.000000000000000000, 1.239088197126287514E-15 ) ) ;
#1962 = VECTOR ( 'NONE', #348, 1000.000000000000000 ) ;
#1963 = EDGE_LOOP ( 'NONE', ( #901, #1581, #172, #2910, #3055, #591, #448, #83 ) ) ;
#1964 = DIRECTION ( 'NONE',  ( 0.000000000000000000, 0.000000000000000000, -1.000000000000000000 ) ) ;
#1965 = PLANE ( 'NONE',  #1207 ) ;
#1966 = DIRECTION ( 'NONE',  ( 0.000000000000000000, 0.000000000000000000, -1.000000000000000000 ) ) ;
#1967 = DIRECTION ( 'NONE',  ( 0.000000000000000000, 0.000000000000000000, 1.000000000000000000 ) ) ;
#1968 = VERTEX_POINT ( 'NONE', #342 ) ;
#1969 = DIRECTION ( 'NONE',  ( -0.000000000000000000, -1.000000000000000000, -0.000000000000000000 ) ) ;
#1970 = VERTEX_POINT ( 'NONE', #1399 ) ;
#1971 = VERTEX_POINT ( 'NONE', #634 ) ;
#1972 = ADVANCED_FACE ( 'NONE', ( #1998 ), #2837, .T. ) ;
#1973 = CARTESIAN_POINT ( 'NONE',  ( 3.700000000000000178, 0.05000000000000000278, -3.750000000000000000 ) ) ;
#1974 = SHAPE_REPRESENTATION ( '(03-772)\X2\0160\X0\O\X2\0152\X0\`\X2\0192201a0192\X0\f\X2\01922039\X0\', ( #521 ), #1664 ) ;
#1975 = VERTEX_POINT ( 'NONE', #2219 ) ;
#1976 = DIRECTION ( 'NONE',  ( -0.000000000000000000, 0.000000000000000000, 1.000000000000000000 ) ) ;
#1977 = CARTESIAN_POINT ( 'NONE',  ( -3.399999999999999911, 0.000000000000000000, -12.19999999999999929 ) ) ;
#1978 = PLANE ( 'NONE',  #2270 ) ;
#1979 = ORIENTED_EDGE ( 'NONE', *, *, #1986, .T. ) ;
#1980 = VECTOR ( 'NONE', #3013, 1000.000000000000000 ) ;
#1981 = DIRECTION ( 'NONE',  ( 0.000000000000000000, 1.000000000000000000, 0.000000000000000000 ) ) ;
#1982 = LINE ( 'NONE', #3086, #2228 ) ;
#1983 = PLANE ( 'NONE',  #3175 ) ;
#1984 = ORIENTED_EDGE ( 'NONE', *, *, #3525, .F. ) ;
#1985 = PRODUCT_DEFINITION_FORMATION_WITH_SPECIFIED_SOURCE ( 'ANY', '', #188, .NOT_KNOWN. ) ;
#1986 = EDGE_CURVE ( 'NONE', #834, #2210, #2512, .T. ) ;
#1987 = DIRECTION ( 'NONE',  ( -1.000000000000000000, 0.000000000000000000, -0.000000000000000000 ) ) ;
#1988 = VERTEX_POINT ( 'NONE', #2233 ) ;
#1989 = EDGE_CURVE ( 'NONE', #2103, #767, #868, .T. ) ;
#1990 = CARTESIAN_POINT ( 'NONE',  ( 0.000000000000000000, 0.000000000000000000, 0.000000000000000000 ) ) ;
#1991 = VERTEX_POINT ( 'NONE', #3411 ) ;
#1992 = EDGE_CURVE ( 'NONE', #1093, #2483, #1234, .T. ) ;
#1993 = DIRECTION ( 'NONE',  ( 0.000000000000000000, 0.000000000000000000, 1.000000000000000000 ) ) ;
#1994 = APPLICATION_CONTEXT ( 'automotive_design' ) ;
#1995 = ORIENTED_EDGE ( 'NONE', *, *, #1635, .F. ) ;
#1996 = ORIENTED_EDGE ( 'NONE', *, *, #499, .T. ) ;
#1997 = LINE ( 'NONE', #633, #3106 ) ;
#1998 = FACE_OUTER_BOUND ( 'NONE', #3084, .T. ) ;
#1999 = FACE_OUTER_BOUND ( 'NONE', #733, .T. ) ;
#2000 = AXIS2_PLACEMENT_3D ( 'NONE', #2698, #1847, #2411 ) ;
#2001 = CARTESIAN_POINT ( 'NONE',  ( 3.400000000000002576, 5.999999999999999112, -10.40000000000000213 ) ) ;
#2002 = EDGE_CURVE ( 'NONE', #1461, #1611, #435, .T. ) ;
#2003 = CARTESIAN_POINT ( 'NONE',  ( -2.900000000000000355, 0.05000000000000000278, -9.050000000000000711 ) ) ;
#2004 = CARTESIAN_POINT ( 'NONE',  ( -3.000000000000000888, 3.000000000000000000, 2.617157287525381459 ) ) ;
#2005 = ORIENTED_EDGE ( 'NONE', *, *, #2054, .F. ) ;
#2006 = CARTESIAN_POINT ( 'NONE',  ( 5.099999999999999645, 0.2999999999999999889, -3.750000000000000000 ) ) ;
#2007 = ADVANCED_FACE ( 'NONE', ( #2361 ), #1186, .T. ) ;
#2008 = ORIENTED_EDGE ( 'NONE', *, *, #3113, .T. ) ;
#2009 = EDGE_CURVE ( 'NONE', #2446, #3117, #2647, .T. ) ;
#2010 = APPLICATION_PROTOCOL_DEFINITION ( 'draft international standard', 'automotive_design', 1998, #157 ) ;
#2011 = VERTEX_POINT ( 'NONE', #163 ) ;
#2012 = CONICAL_SURFACE ( 'NONE', #968, 2.000000000009549694, 0.7853981633974482790 ) ;
#2013 = CARTESIAN_POINT ( 'NONE',  ( 4.400000000000000355, 0.2000000000000000111, -10.45000000000000107 ) ) ;
#2014 = EDGE_LOOP ( 'NONE', ( #3332, #896, #3380, #3317 ) ) ;
#2015 = STYLED_ITEM ( 'NONE', ( #3011 ), #1775 ) ;
#2016 = UNCERTAINTY_MEASURE_WITH_UNIT (LENGTH_MEASURE( 1.000000000000000082E-05 ), #3488, 'distance_accuracy_value', 'NONE');
#2017 = ORIENTED_EDGE ( 'NONE', *, *, #3130, .F. ) ;
#2018 = AXIS2_PLACEMENT_3D ( 'NONE', #206, #1298, #3531 ) ;
#2019 = DIRECTION ( 'NONE',  ( 0.000000000000000000, 1.000000000000000000, 0.000000000000000000 ) ) ;
#2020 = DIRECTION ( 'NONE',  ( 0.000000000000000000, 1.000000000000000000, 0.000000000000000000 ) ) ;
#2021 = EDGE_CURVE ( 'NONE', #1249, #2839, #451, .T. ) ;
#2022 = VECTOR ( 'NONE', #1622, 1000.000000000000000 ) ;
#2023 = AXIS2_PLACEMENT_3D ( 'NONE', #815, #2473, #322 ) ;
#2024 = DIRECTION ( 'NONE',  ( 0.000000000000000000, 1.000000000000000000, 0.000000000000000000 ) ) ;
#2025 = PLANE ( 'NONE',  #215 ) ;
#2026 = CARTESIAN_POINT ( 'NONE',  ( 5.099999999999999645, 0.2999999999999999889, -2.649999999999999467 ) ) ;
#2027 = EDGE_CURVE ( 'NONE', #2448, #1376, #2090, .T. ) ;
#2028 = VERTEX_POINT ( 'NONE', #3449 ) ;
#2029 = EDGE_CURVE ( 'NONE', #1567, #3387, #3005, .T. ) ;
#2030 = CARTESIAN_POINT ( 'NONE',  ( 3.400000000000000355, -1.763250064194993637E-31, -11.39999999999999858 ) ) ;
#2031 = ORIENTED_EDGE ( 'NONE', *, *, #1373, .F. ) ;
#2032 = VECTOR ( 'NONE', #2418, 1000.000000000000000 ) ;
#2033 = APPLICATION_PROTOCOL_DEFINITION ( 'draft international standard', 'automotive_design', 1998, #1670 ) ;
#2034 = CARTESIAN_POINT ( 'NONE',  ( -3.700000000000000178, 8.673617379884035472E-16, -4.750000000000000888 ) ) ;
#2035 = ORIENTED_EDGE ( 'NONE', *, *, #2467, .F. ) ;
#2036 = EDGE_CURVE ( 'NONE', #3117, #1762, #2869, .T. ) ;
#2037 = ORIENTED_EDGE ( 'NONE', *, *, #2164, .F. ) ;
#2038 = CARTESIAN_POINT ( 'NONE',  ( -4.000000000000000000, 8.673617379884035472E-16, -5.774999999999999467 ) ) ;
#2039 = LINE ( 'NONE', #983, #1218 ) ;
#2040 = CARTESIAN_POINT ( 'NONE',  ( 3.400000000000003020, 5.999999999999999112, -1.250000000000000000 ) ) ;
#2041 = EDGE_LOOP ( 'NONE', ( #3070, #2005, #2, #3268 ) ) ;
#2042 = EDGE_CURVE ( 'NONE', #2028, #3338, #2331, .T. ) ;
#2043 = LINE ( 'NONE', #2335, #1193 ) ;
#2044 = CARTESIAN_POINT ( 'NONE',  ( 4.400000000000000355, 0.000000000000000000, -9.050000000000000711 ) ) ;
#2045 = ADVANCED_FACE ( 'NONE', ( #655 ), #362, .T. ) ;
#2046 = DIRECTION ( 'NONE',  ( 0.000000000000000000, 0.000000000000000000, 1.000000000000000000 ) ) ;
#2047 = ORIENTED_EDGE ( 'NONE', *, *, #3017, .F. ) ;
#2048 = FACE_OUTER_BOUND ( 'NONE', #1963, .T. ) ;
#2049 = ORIENTED_EDGE ( 'NONE', *, *, #1409, .T. ) ;
#2050 = UNCERTAINTY_MEASURE_WITH_UNIT (LENGTH_MEASURE( 1.000000000000000082E-05 ), #1307, 'distance_accuracy_value', 'NONE');
#2051 = ADVANCED_FACE ( 'NONE', ( #3172 ), #1489, .F. ) ;
#2052 =( NAMED_UNIT ( * ) PLANE_ANGLE_UNIT ( ) SI_UNIT ( $, .RADIAN. ) );
#2053 = DIRECTION ( 'NONE',  ( -2.168404344971008868E-16, -1.000000000000000000, 0.000000000000000000 ) ) ;
#2054 = EDGE_CURVE ( 'NONE', #767, #1260, #2039, .T. ) ;
#2055 = DIRECTION ( 'NONE',  ( -0.000000000000000000, -0.000000000000000000, -1.000000000000000000 ) ) ;
#2056 = VERTEX_POINT ( 'NONE', #721 ) ;
#2057 = CARTESIAN_POINT ( 'NONE',  ( 0.000000000000000000, -0.9999999999763531378, -7.700000000056661520 ) ) ;
#2058 = LINE ( 'NONE', #440, #1781 ) ;
#2059 = CARTESIAN_POINT ( 'NONE',  ( -2.000000000009549694, 3.000000000000000000, 2.700000000004365575 ) ) ;
#2060 = VECTOR ( 'NONE', #1030, 1000.000000000000000 ) ;
#2061 = CARTESIAN_POINT ( 'NONE',  ( 3.862166607499088133, 0.2000000000000000111, -9.553611012498478772 ) ) ;
#2062 = CARTESIAN_POINT ( 'NONE',  ( 0.000000000000000000, 0.000000000000000000, -1.400000000000000133 ) ) ;
#2063 = APPLICATION_PROTOCOL_DEFINITION ( 'draft international standard', 'automotive_design', 1998, #3168 ) ;
#2064 = EDGE_CURVE ( 'NONE', #2715, #1958, #763, .T. ) ;
#2065 = VERTEX_POINT ( 'NONE', #2626 ) ;
#2066 = CARTESIAN_POINT ( 'NONE',  ( -3.862166607499088133, 0.2000000000000000111, -9.553611012498480548 ) ) ;
#2067 = ORIENTED_EDGE ( 'NONE', *, *, #2304, .F. ) ;
#2068 = PRESENTATION_LAYER_ASSIGNMENT (  '', '', ( #53 ) ) ;
#2069 = DIRECTION ( 'NONE',  ( 0.000000000000000000, 0.000000000000000000, 1.000000000000000000 ) ) ;
#2070 = DIRECTION ( 'NONE',  ( 0.000000000000000000, -1.000000000000000000, -0.000000000000000000 ) ) ;
#2071 = ORIENTED_EDGE ( 'NONE', *, *, #1986, .F. ) ;
#2072 = AXIS2_PLACEMENT_3D ( 'NONE', #312, #903, #1705 ) ;
#2073 = VECTOR ( 'NONE', #2500, 1000.000000000000000 ) ;
#2074 = CARTESIAN_POINT ( 'NONE',  ( -4.400000000000000355, 0.2000000000000000111, -10.45000000000000107 ) ) ;
#2075 = CARTESIAN_POINT ( 'NONE',  ( 2.799999999999998490, -2.600000000000000977, 2.700000000000000178 ) ) ;
#2076 = VECTOR ( 'NONE', #3443, 1000.000000000000000 ) ;
#2077 = VECTOR ( 'NONE', #409, 1000.000000000000000 ) ;
#2078 = FACE_OUTER_BOUND ( 'NONE', #1831, .T. ) ;
#2079 = FACE_OUTER_BOUND ( 'NONE', #375, .T. ) ;
#2080 = SHAPE_DEFINITION_REPRESENTATION ( #446, #1821 ) ;
#2081 = PRODUCT_RELATED_PRODUCT_CATEGORY ( 'part', '', ( #1796 ) ) ;
#2082 = VECTOR ( 'NONE', #1037, 1000.000000000000000 ) ;
#2083 = CARTESIAN_POINT ( 'NONE',  ( -2.900000000000000355, 0.05000000000000000278, -9.050000000000000711 ) ) ;
#2084 = AXIS2_PLACEMENT_3D ( 'NONE', #3258, #1024, #201 ) ;
#2085 = DIRECTION ( 'NONE',  ( -0.000000000000000000, 1.000000000000000000, 0.000000000000000000 ) ) ;
#2086 = ORIENTED_EDGE ( 'NONE', *, *, #3302, .T. ) ;
#2087 = ADVANCED_FACE ( 'NONE', ( #110 ), #1469, .F. ) ;
#2088 = UNCERTAINTY_MEASURE_WITH_UNIT (LENGTH_MEASURE( 1.000000000000000082E-05 ), #319, 'distance_accuracy_value', 'NONE');
#2089 =( NAMED_UNIT ( * ) PLANE_ANGLE_UNIT ( ) SI_UNIT ( $, .RADIAN. ) );
#2090 = LINE ( 'NONE', #2292, #1853 ) ;
#2091 = DIRECTION ( 'NONE',  ( 0.000000000000000000, -1.000000000000000000, 0.000000000000000000 ) ) ;
#2092 = ORIENTED_EDGE ( 'NONE', *, *, #1503, .F. ) ;
#2093 = CARTESIAN_POINT ( 'NONE',  ( 3.700000000000000178, 0.05000000000000000278, -3.750000000000000000 ) ) ;
#2094 = SURFACE_SIDE_STYLE ('',( #2905 ) ) ;
#2095 = AXIS2_PLACEMENT_3D ( 'NONE', #2583, #3412, #3101 ) ;
#2096 = DIRECTION ( 'NONE',  ( 1.000000000000000000, 0.000000000000000000, 0.000000000000000000 ) ) ;
#2097 = FACE_OUTER_BOUND ( 'NONE', #1683, .T. ) ;
#2098 = ORIENTED_EDGE ( 'NONE', *, *, #2271, .T. ) ;
#2099 = EDGE_CURVE ( 'NONE', #2506, #3506, #952, .T. ) ;
#2100 = CARTESIAN_POINT ( 'NONE',  ( 0.000000000000000000, 2.999999999999999556, 0.000000000000000000 ) ) ;
#2101 = ORIENTED_EDGE ( 'NONE', *, *, #2036, .F. ) ;
#2102 = DIRECTION ( 'NONE',  ( 0.000000000000000000, 0.000000000000000000, -1.000000000000000000 ) ) ;
#2103 = VERTEX_POINT ( 'NONE', #685 ) ;
#2104 = DIRECTION ( 'NONE',  ( 0.000000000000000000, 0.000000000000000000, 1.000000000000000000 ) ) ;
#2105 = CARTESIAN_POINT ( 'NONE',  ( -4.400000000000000355, -3.614007241618347908E-17, -9.449999999999999289 ) ) ;
#2106 = VERTEX_POINT ( 'NONE', #671 ) ;
#2107 = CARTESIAN_POINT ( 'NONE',  ( -3.900000000000000355, 0.000000000000000000, -9.050000000000000711 ) ) ;
#2108 = CARTESIAN_POINT ( 'NONE',  ( 0.000000000000000000, 2.999999999999999556, 2.700000000000000178 ) ) ;
#2109 = ADVANCED_FACE ( 'NONE', ( #1202 ), #3133, .F. ) ;
#2110 = FACE_OUTER_BOUND ( 'NONE', #2014, .T. ) ;
#2111 = ORIENTED_EDGE ( 'NONE', *, *, #2127, .F. ) ;
#2112 = EDGE_LOOP ( 'NONE', ( #2428, #2213, #1573, #1459 ) ) ;
#2113 = VECTOR ( 'NONE', #2139, 1000.000000000000000 ) ;
#2114 = EDGE_CURVE ( 'NONE', #630, #2580, #2719, .T. ) ;
#2115 = ADVANCED_FACE ( 'NONE', ( #253 ), #2437, .T. ) ;
#2116 = FACE_OUTER_BOUND ( 'NONE', #1315, .T. ) ;
#2117 = EDGE_LOOP ( 'NONE', ( #490, #1907, #141, #2244, #2699, #946, #936, #866, #2519, #2571, #3364, #1819, #1268, #3096, #3042, #3151, #2817, #2947, #18, #395, #1702, #3497, #3419, #2474, #309, #16, #2348, #2640, #2770, #1110, #1885, #98, #269 ) ) ;
#2118 = CARTESIAN_POINT ( 'NONE',  ( -3.900000000000000355, 0.000000000000000000, -9.750000000000000000 ) ) ;
#2119 = ORIENTED_EDGE ( 'NONE', *, *, #2235, .F. ) ;
#2120 = CARTESIAN_POINT ( 'NONE',  ( 2.900000000000000355, 0.000000000000000000, -10.45000000000000107 ) ) ;
#2121 = UNCERTAINTY_MEASURE_WITH_UNIT (LENGTH_MEASURE( 1.000000000000000082E-05 ), #6, 'distance_accuracy_value', 'NONE');
#2122 = DIRECTION ( 'NONE',  ( 1.000000000000000000, -2.168404344971008868E-16, -0.000000000000000000 ) ) ;
#2123 = DIRECTION ( 'NONE',  ( -0.000000000000000000, -0.000000000000000000, -1.000000000000000000 ) ) ;
#2124 = ORIENTED_EDGE ( 'NONE', *, *, #1787, .F. ) ;
#2125 = VECTOR ( 'NONE', #3249, 1000.000000000000000 ) ;
#2126 = AXIS2_PLACEMENT_3D ( 'NONE', #3073, #564, #612 ) ;
#2127 = EDGE_CURVE ( 'NONE', #2810, #1752, #3230, .T. ) ;
#2128 = CARTESIAN_POINT ( 'NONE',  ( -0.2446587632569925119, 0.3499999999999999778, -12.79859873968900352 ) ) ;
#2129 = PLANE ( 'NONE',  #707 ) ;
#2130 = FILL_AREA_STYLE ('',( #1563 ) ) ;
#2131 = CARTESIAN_POINT ( 'NONE',  ( -3.999999999999995559, 6.000000000000000888, -1.250000000000000000 ) ) ;
#2132 = EDGE_CURVE ( 'NONE', #809, #318, #1270, .T. ) ;
#2133 = VECTOR ( 'NONE', #3195, 1000.000000000000000 ) ;
#2134 = ORIENTED_EDGE ( 'NONE', *, *, #2064, .F. ) ;
#2135 = EDGE_CURVE ( 'NONE', #1752, #1697, #1868, .T. ) ;
#2136 = VECTOR ( 'NONE', #3537, 999.9999999999998863 ) ;
#2137 = CARTESIAN_POINT ( 'NONE',  ( -0.7500000000000000000, 0.3499999999999999778, -13.29999999999999893 ) ) ;
#2138 = ORIENTED_EDGE ( 'NONE', *, *, #1992, .F. ) ;
#2139 = DIRECTION ( 'NONE',  ( -0.000000000000000000, -1.000000000000000000, -0.000000000000000000 ) ) ;
#2140 = VERTEX_POINT ( 'NONE', #2984 ) ;
#2141 = AXIS2_PLACEMENT_3D ( 'NONE', #1693, #54, #2568 ) ;
#2142 = CARTESIAN_POINT ( 'NONE',  ( 0.7500000000000000000, 0.000000000000000000, -11.39999999999999858 ) ) ;
#2143 = CARTESIAN_POINT ( 'NONE',  ( 6.018531076210114778E-33, 0.05000000000000000278, 0.000000000000000000 ) ) ;
#2144 = DIRECTION ( 'NONE',  ( 0.000000000000000000, 0.000000000000000000, 1.000000000000000000 ) ) ;
#2145 = VERTEX_POINT ( 'NONE', #3236 ) ;
#2146 = CARTESIAN_POINT ( 'NONE',  ( 0.000000000000000000, 0.000000000000000000, 0.000000000000000000 ) ) ;
#2147 = EDGE_CURVE ( 'NONE', #878, #320, #1052, .T. ) ;
#2148 = EDGE_CURVE ( 'NONE', #1675, #1970, #757, .T. ) ;
#2149 = CARTESIAN_POINT ( 'NONE',  ( -4.000000000000000000, 8.673617379884035472E-16, -5.775000000000000355 ) ) ;
#2150 = FACE_OUTER_BOUND ( 'NONE', #1334, .T. ) ;
#2151 = ORIENTED_EDGE ( 'NONE', *, *, #2444, .T. ) ;
#2152 = DIRECTION ( 'NONE',  ( -1.000000000000000000, 1.203706215242022189E-31, 0.000000000000000000 ) ) ;
#2153 = ORIENTED_EDGE ( 'NONE', *, *, #1252, .T. ) ;
#2154 = DIRECTION ( 'NONE',  ( -0.000000000000000000, -1.000000000000000000, -0.000000000000000000 ) ) ;
#2155 = CARTESIAN_POINT ( 'NONE',  ( 3.399999999999999911, -8.673617379884033500E-16, -12.19999999999999929 ) ) ;
#2156 = DIRECTION ( 'NONE',  ( 0.000000000000000000, -1.000000000000000000, -0.000000000000000000 ) ) ;
#2157 = DIRECTION ( 'NONE',  ( -0.000000000000000000, -1.000000000000000000, -0.000000000000000000 ) ) ;
#2158 = CARTESIAN_POINT ( 'NONE',  ( 4.000000000000000888, 0.000000000000000000, 0.000000000000000000 ) ) ;
#2159 = ORIENTED_EDGE ( 'NONE', *, *, #629, .F. ) ;
#2160 = CLOSED_SHELL ( 'NONE', ( #1764, #2675, #3207, #1548, #3155, #1471, #2557, #1472, #897, #2087 ) ) ;
#2161 = LINE ( 'NONE', #1070, #2303 ) ;
#2162 = DIRECTION ( 'NONE',  ( -1.000000000000000000, 0.000000000000000000, -0.000000000000000000 ) ) ;
#2163 = EDGE_CURVE ( 'NONE', #320, #3097, #3252, .T. ) ;
#2164 = EDGE_CURVE ( 'NONE', #3097, #3532, #2933, .T. ) ;
#2165 = DIRECTION ( 'NONE',  ( -0.000000000000000000, 0.000000000000000000, 1.000000000000000000 ) ) ;
#2166 = DIRECTION ( 'NONE',  ( 0.000000000000000000, 1.000000000000000000, 0.000000000000000000 ) ) ;
#2167 = LINE ( 'NONE', #168, #1448 ) ;
#2168 =( NAMED_UNIT ( * ) PLANE_ANGLE_UNIT ( ) SI_UNIT ( $, .RADIAN. ) );
#2169 = PLANE ( 'NONE',  #2450 ) ;
#2170 = EDGE_LOOP ( 'NONE', ( #700, #916, #3376, #1091 ) ) ;
#2171 = CARTESIAN_POINT ( 'NONE',  ( 4.400000000000000355, 0.2000000000000000111, -10.05000000000000249 ) ) ;
#2172 = ORIENTED_EDGE ( 'NONE', *, *, #2480, .F. ) ;
#2173 = DIRECTION ( 'NONE',  ( 1.239088197126293430E-15, -2.686844230450948693E-31, 1.000000000000000000 ) ) ;
#2174 = ADVANCED_FACE ( 'NONE', ( #2453 ), #469, .F. ) ;
#2175 = ORIENTED_EDGE ( 'NONE', *, *, #2925, .T. ) ;
#2176 = VECTOR ( 'NONE', #3248, 1000.000000000000000 ) ;
#2177 = LINE ( 'NONE', #252, #1485 ) ;
#2178 = CARTESIAN_POINT ( 'NONE',  ( 4.400000000000000355, 0.2000000000000000111, -9.449999999999999289 ) ) ;
#2179 = CARTESIAN_POINT ( 'NONE',  ( -3.399999999999998579, 6.000000000000000888, -5.774999999999999467 ) ) ;
#2180 = ORIENTED_EDGE ( 'NONE', *, *, #1100, .F. ) ;
#2181 = APPLICATION_CONTEXT ( 'automotive_design' ) ;
#2182 = LINE ( 'NONE', #2774, #3045 ) ;
#2183 = DIRECTION ( 'NONE',  ( -0.2056050412439791031, 0.000000000000000000, -0.9786350530279720461 ) ) ;
#2184 = FILL_AREA_STYLE ('',( #556 ) ) ;
#2185 = VECTOR ( 'NONE', #2232, 1000.000000000000000 ) ;
#2186 = CARTESIAN_POINT ( 'NONE',  ( 0.000000000000000000, 0.000000000000000000, 0.000000000000000000 ) ) ;
#2187 = DIRECTION ( 'NONE',  ( 0.000000000000000000, 0.000000000000000000, 1.000000000000000000 ) ) ;
#2188 = EDGE_LOOP ( 'NONE', ( #484, #2729, #303, #190 ) ) ;
#2189 = VECTOR ( 'NONE', #2884, 1000.000000000000000 ) ;
#2190 = VECTOR ( 'NONE', #1545, 1000.000000000000000 ) ;
#2191 = DIRECTION ( 'NONE',  ( 0.000000000000000000, 1.000000000000000000, 0.000000000000000000 ) ) ;
#2192 = ORIENTED_EDGE ( 'NONE', *, *, #1526, .T. ) ;
#2193 = ADVANCED_FACE ( 'NONE', ( #3270 ), #542, .T. ) ;
#2194 = DIRECTION ( 'NONE',  ( -1.000000000000000000, 0.000000000000000000, -0.000000000000000000 ) ) ;
#2195 = ORIENTED_EDGE ( 'NONE', *, *, #854, .T. ) ;
#2196 = AXIS2_PLACEMENT_3D ( 'NONE', #174, #2594, #2898 ) ;
#2197 = VECTOR ( 'NONE', #1395, 1000.000000000000000 ) ;
#2198 = FACE_OUTER_BOUND ( 'NONE', #340, .T. ) ;
#2199 = CARTESIAN_POINT ( 'NONE',  ( 4.598598739689005122, 0.2999999999999999889, -2.755341236743007016 ) ) ;
#2200 = ORIENTED_EDGE ( 'NONE', *, *, #2415, .F. ) ;
#2201 = EDGE_CURVE ( 'NONE', #1731, #81, #2955, .T. ) ;
#2202 = ORIENTED_EDGE ( 'NONE', *, *, #740, .F. ) ;
#2203 = VECTOR ( 'NONE', #2970, 1000.000000000000114 ) ;
#2204 = DIRECTION ( 'NONE',  ( -1.000000000000000000, 1.203706215242022846E-31, -0.000000000000000000 ) ) ;
#2205 = CARTESIAN_POINT ( 'NONE',  ( -3.862166607499088578, 0.2000000000000000111, -9.553611012498478772 ) ) ;
#2206 = DIRECTION ( 'NONE',  ( -1.000000000000000000, 0.000000000000000000, -0.000000000000000000 ) ) ;
#2207 = CARTESIAN_POINT ( 'NONE',  ( 3.000000000000000888, 2.999999999999999112, 2.617157287525381459 ) ) ;
#2208 = VERTEX_POINT ( 'NONE', #3007 ) ;
#2209 = DIRECTION ( 'NONE',  ( 0.000000000000000000, 0.000000000000000000, 1.000000000000000000 ) ) ;
#2210 = VERTEX_POINT ( 'NONE', #550 ) ;
#2211 =( NAMED_UNIT ( * ) PLANE_ANGLE_UNIT ( ) SI_UNIT ( $, .RADIAN. ) );
#2212 = EDGE_CURVE ( 'NONE', #1093, #3206, #773, .T. ) ;
#2213 = ORIENTED_EDGE ( 'NONE', *, *, #3023, .F. ) ;
#2214 = SHAPE_REPRESENTATION ( '(03-772)\X2\0160\X0\O\X2\0152\X0\`\X2\0192201a0192\X0\f\X2\01922039\X0\_4', ( #521 ), #1780 ) ;
#2215 = DIRECTION ( 'NONE',  ( 0.000000000000000000, -0.000000000000000000, -1.000000000000000000 ) ) ;
#2216 = LINE ( 'NONE', #1108, #1671 ) ;
#2217 = VERTEX_POINT ( 'NONE', #197 ) ;
#2218 = CARTESIAN_POINT ( 'NONE',  ( 7.347880794314963249E-17, -0.9999999999763531378, -2.599999999953524821 ) ) ;
#2219 = CARTESIAN_POINT ( 'NONE',  ( -4.400000000000000355, 0.000000000000000000, -9.050000000000000711 ) ) ;
#2220 = CARTESIAN_POINT ( 'NONE',  ( -0.3499999999999999778, 0.3499999999999999778, -13.29999999999999893 ) ) ;
#2221 = CARTESIAN_POINT ( 'NONE',  ( 0.000000000000000000, 0.000000000000000000, -1.250000000000000000 ) ) ;
#2222 = DIRECTION ( 'NONE',  ( 0.000000000000000000, 0.000000000000000000, 1.000000000000000000 ) ) ;
#2223 = ORIENTED_EDGE ( 'NONE', *, *, #439, .F. ) ;
#2224 = CARTESIAN_POINT ( 'NONE',  ( 3.400000000000000355, 0.05000000000000000278, -9.050000000000000711 ) ) ;
#2225 = ORIENTED_EDGE ( 'NONE', *, *, #106, .T. ) ;
#2226 = EDGE_LOOP ( 'NONE', ( #2124, #1701, #3126, #3254 ) ) ;
#2227 = CARTESIAN_POINT ( 'NONE',  ( 4.598598739689005122, 0.000000000000000000, -3.244658763256993428 ) ) ;
#2228 = VECTOR ( 'NONE', #1624, 1000.000000000000114 ) ;
#2229 = CARTESIAN_POINT ( 'NONE',  ( -3.999999999999996447, 6.000000000000000888, 0.000000000000000000 ) ) ;
#2230 = AXIS2_PLACEMENT_3D ( 'NONE', #313, #1617, #2496 ) ;
#2231 = EDGE_LOOP ( 'NONE', ( #3445, #2017, #2400, #287 ) ) ;
#2232 = DIRECTION ( 'NONE',  ( 0.000000000000000000, 1.000000000000000000, 0.000000000000000000 ) ) ;
#2233 = CARTESIAN_POINT ( 'NONE',  ( -4.400000000000000355, 0.2000000000000000111, -9.449999999999999289 ) ) ;
#2234 = EDGE_LOOP ( 'NONE', ( #479, #1366, #1350, #1392 ) ) ;
#2235 = EDGE_CURVE ( 'NONE', #1958, #2715, #1679, .T. ) ;
#2236 = PLANE ( 'NONE',  #3060 ) ;
#2237 = FACE_OUTER_BOUND ( 'NONE', #2968, .T. ) ;
#2238 = VERTEX_POINT ( 'NONE', #737 ) ;
#2239 = VECTOR ( 'NONE', #3010, 1000.000000000000000 ) ;
#2240 = CARTESIAN_POINT ( 'NONE',  ( -2.900000000000000355, 0.05000000000000000278, -10.45000000000000107 ) ) ;
#2241 = EDGE_LOOP ( 'NONE', ( #2395, #3143, #3074, #3502 ) ) ;
#2242 =( GEOMETRIC_REPRESENTATION_CONTEXT ( 3 ) GLOBAL_UNCERTAINTY_ASSIGNED_CONTEXT ( ( #935 ) ) GLOBAL_UNIT_ASSIGNED_CONTEXT ( ( #2537, #3308, #304 ) ) REPRESENTATION_CONTEXT ( 'NONE', 'WORKASPACE' ) );
#2243 = DIRECTION ( 'NONE',  ( 1.000000000000000000, 0.000000000000000000, 0.000000000000000000 ) ) ;
#2244 = ORIENTED_EDGE ( 'NONE', *, *, #2510, .F. ) ;
#2245 = CIRCLE ( 'NONE', #754, 0.3999999999935426875 ) ;
#2246 = DIRECTION ( 'NONE',  ( 0.9819449375075974817, 0.000000000000000000, -0.1891669625045565850 ) ) ;
#2247 = VECTOR ( 'NONE', #246, 1000.000000000000000 ) ;
#2248 = CARTESIAN_POINT ( 'NONE',  ( 0.000000000000000000, 2.999999999999999556, 2.700000000000000178 ) ) ;
#2249 = EDGE_LOOP ( 'NONE', ( #1280, #681, #444, #214, #3221, #501, #1943, #2420 ) ) ;
#2250 = VECTOR ( 'NONE', #832, 1000.000000000000114 ) ;
#2251 = VERTEX_POINT ( 'NONE', #488 ) ;
#2252 = DIRECTION ( 'NONE',  ( 0.000000000000000000, 0.000000000000000000, 1.000000000000000000 ) ) ;
#2253 = CARTESIAN_POINT ( 'NONE',  ( 2.800000000000000266, 8.599999999999999645, 2.700000000000000178 ) ) ;
#2254 = PLANE ( 'NONE',  #1144 ) ;
#2255 = ORIENTED_EDGE ( 'NONE', *, *, #1483, .T. ) ;
#2256 = EDGE_CURVE ( 'NONE', #35, #2867, #1834, .T. ) ;
#2257 = EDGE_CURVE ( 'NONE', #2835, #1731, #1588, .T. ) ;
#2258 = VECTOR ( 'NONE', #2246, 1000.000000000000227 ) ;
#2259 = CIRCLE ( 'NONE', #3180, 0.2000000000000005107 ) ;
#2260 = CARTESIAN_POINT ( 'NONE',  ( 4.000000000000001776, 4.200000000000000178, -10.40000000000000213 ) ) ;
#2261 = DIRECTION ( 'NONE',  ( 1.000000000000000000, -1.203706215242022408E-31, 0.000000000000000000 ) ) ;
#2262 = PLANE ( 'NONE',  #66 ) ;
#2263 = ORIENTED_EDGE ( 'NONE', *, *, #361, .T. ) ;
#2264 = CARTESIAN_POINT ( 'NONE',  ( 3.299999999999998490, -8.673617379884035472E-16, -5.775000000000001243 ) ) ;
#2265 = ORIENTED_EDGE ( 'NONE', *, *, #2099, .F. ) ;
#2266 = CARTESIAN_POINT ( 'NONE',  ( 0.000000000000000000, 0.000000000000000000, 0.000000000000000000 ) ) ;
#2267 = ORIENTED_EDGE ( 'NONE', *, *, #3259, .T. ) ;
#2268 = DIRECTION ( 'NONE',  ( 1.000000000000000000, 0.000000000000000000, -0.000000000000000000 ) ) ;
#2269 = ORIENTED_EDGE ( 'NONE', *, *, #2753, .T. ) ;
#2270 = AXIS2_PLACEMENT_3D ( 'NONE', #656, #1744, #619 ) ;
#2271 = EDGE_CURVE ( 'NONE', #3079, #2732, #2683, .T. ) ;
#2272 = VERTEX_POINT ( 'NONE', #2472 ) ;
#2273 = DIRECTION ( 'NONE',  ( 0.000000000000000000, 0.000000000000000000, 1.000000000000000000 ) ) ;
#2274 = CARTESIAN_POINT ( 'NONE',  ( -3.399999999999999467, 0.05000000000000000278, -10.45000000000000107 ) ) ;
#2275 = CARTESIAN_POINT ( 'NONE',  ( 3.700000000000000178, 0.05000000000000000278, -2.250000000000000444 ) ) ;
#2276 = VERTEX_POINT ( 'NONE', #271 ) ;
#2277 = EDGE_CURVE ( 'NONE', #2804, #2848, #1354, .T. ) ;
#2278 = ADVANCED_FACE ( 'NONE', ( #2736 ), #2750, .F. ) ;
#2279 = DIRECTION ( 'NONE',  ( 0.000000000000000000, 0.000000000000000000, -1.000000000000000000 ) ) ;
#2280 = CARTESIAN_POINT ( 'NONE',  ( 4.000000000000000000, 0.000000000000000000, -1.250000000000000000 ) ) ;
#2281 = CARTESIAN_POINT ( 'NONE',  ( 2.999999999999998668, -3.000000000000000444, 2.500000000000000000 ) ) ;
#2282 = ORIENTED_EDGE ( 'NONE', *, *, #731, .F. ) ;
#2283 = CARTESIAN_POINT ( 'NONE',  ( -5.099999999999999645, 0.2999999999999999889, -2.649999999999999467 ) ) ;
#2284 = EDGE_LOOP ( 'NONE', ( #3422, #1862, #2588, #1718, #3513, #2269, #1623, #548 ) ) ;
#2285 = ITEM_DEFINED_TRANSFORMATION ( 'NONE', 'NONE', #411,  #521 ) ;
#2286 = VERTEX_POINT ( 'NONE', #578 ) ;
#2287 = LINE ( 'NONE', #3076, #2831 ) ;
#2288 = ADVANCED_FACE ( 'NONE', ( #864 ), #1666, .F. ) ;
#2289 = EDGE_CURVE ( 'NONE', #1086, #1771, #33, .T. ) ;
#2290 = ORIENTED_EDGE ( 'NONE', *, *, #2257, .F. ) ;
#2291 = DIRECTION ( 'NONE',  ( 0.000000000000000000, 0.000000000000000000, -1.000000000000000000 ) ) ;
#2292 = CARTESIAN_POINT ( 'NONE',  ( -2.900000000000000355, 0.05000000000000000278, -9.050000000000000711 ) ) ;
#2293 = LINE ( 'NONE', #3150, #2903 ) ;
#2294 = EDGE_CURVE ( 'NONE', #912, #940, #3094, .T. ) ;
#2295 = VECTOR ( 'NONE', #151, 1000.000000000000000 ) ;
#2296 = LINE ( 'NONE', #2260, #1214 ) ;
#2297 = LINE ( 'NONE', #1709, #1649 ) ;
#2298 = LINE ( 'NONE', #924, #1788 ) ;
#2299 = ORIENTED_EDGE ( 'NONE', *, *, #3301, .F. ) ;
#2300 = CARTESIAN_POINT ( 'NONE',  ( -4.400000000000000355, 0.2000000000000000111, -9.050000000000000711 ) ) ;
#2301 = ORIENTED_EDGE ( 'NONE', *, *, #1358, .T. ) ;
#2302 = ORIENTED_EDGE ( 'NONE', *, *, #1820, .F. ) ;
#2303 = VECTOR ( 'NONE', #3006, 1000.000000000000000 ) ;
#2304 = EDGE_CURVE ( 'NONE', #31, #2871, #69, .T. ) ;
#2305 = VECTOR ( 'NONE', #1614, 1000.000000000000000 ) ;
#2306 = DIRECTION ( 'NONE',  ( 1.000000000000000000, -1.203706215242022846E-31, 0.000000000000000000 ) ) ;
#2307 = ORIENTED_EDGE ( 'NONE', *, *, #392, .T. ) ;
#2308 = PRODUCT_RELATED_PRODUCT_CATEGORY ( 'part', '', ( #3444 ) ) ;
#2309 = VECTOR ( 'NONE', #3224, 1000.000000000000000 ) ;
#2310 = UNCERTAINTY_MEASURE_WITH_UNIT (LENGTH_MEASURE( 1.000000000000000082E-05 ), #2625, 'distance_accuracy_value', 'NONE');
#2311 = ORIENTED_EDGE ( 'NONE', *, *, #956, .F. ) ;
#2312 = AXIS2_PLACEMENT_3D ( 'NONE', #877, #3018, #894 ) ;
#2313 = ADVANCED_FACE ( 'NONE', ( #1959 ), #19, .T. ) ;
#2314 = LINE ( 'NONE', #2330, #636 ) ;
#2315 = DIRECTION ( 'NONE',  ( 0.000000000000000000, -0.000000000000000000, 1.000000000000000000 ) ) ;
#2316 = CARTESIAN_POINT ( 'NONE',  ( -3.999999999999995559, 6.000000000000000888, -1.250000000000000000 ) ) ;
#2317 = VERTEX_POINT ( 'NONE', #2830 ) ;
#2318 = CARTESIAN_POINT ( 'NONE',  ( 3.400000000000000355, 0.05000000000000000278, -10.45000000000000107 ) ) ;
#2319 = CARTESIAN_POINT ( 'NONE',  ( 2.917157287525380838, 2.999999999999999112, 2.699999999999999734 ) ) ;
#2320 = ORIENTED_EDGE ( 'NONE', *, *, #3284, .F. ) ;
#2321 = DIRECTION ( 'NONE',  ( -0.000000000000000000, 1.000000000000000000, 0.000000000000000000 ) ) ;
#2322 = EDGE_LOOP ( 'NONE', ( #2138, #2610, #3027, #2172 ) ) ;
#2323 = VECTOR ( 'NONE', #3504, 1000.000000000000000 ) ;
#2324 = SHAPE_DEFINITION_REPRESENTATION ( #1763, #2334 ) ;
#2325 = VERTEX_POINT ( 'NONE', #1700 ) ;
#2326 = DIRECTION ( 'NONE',  ( 0.000000000000000000, 1.000000000000000000, 0.000000000000000000 ) ) ;
#2327 = ADVANCED_FACE ( 'NONE', ( #1394 ), #1141, .T. ) ;
#2328 = VERTEX_POINT ( 'NONE', #2227 ) ;
#2329 = VERTEX_POINT ( 'NONE', #3040 ) ;
#2330 = CARTESIAN_POINT ( 'NONE',  ( -5.099999999999999645, 0.2999999999999999889, -3.750000000000000000 ) ) ;
#2331 = LINE ( 'NONE', #131, #934 ) ;
#2332 = CARTESIAN_POINT ( 'NONE',  ( 6.018531076210114778E-33, 0.05000000000000000278, -9.050000000000000711 ) ) ;
#2333 = VERTEX_POINT ( 'NONE', #1973 ) ;
#2334 = SHAPE_REPRESENTATION ( '(03-772)\X2\0160\X0\O\X2\0152\X0\`\X2\0192201a0192\X0\f\X2\01922039\X0\_1', ( #521 ), #2242 ) ;
#2335 = CARTESIAN_POINT ( 'NONE',  ( 3.399999999999999467, 0.000000000000000000, -3.750000000000000000 ) ) ;
#2336 = VECTOR ( 'NONE', #1346, 1000.000000000000000 ) ;
#2337 = CARTESIAN_POINT ( 'NONE',  ( 6.018531076210114778E-33, 0.05000000000000000278, -9.050000000000000711 ) ) ;
#2338 = PLANE ( 'NONE',  #1903 ) ;
#2339 = DIRECTION ( 'NONE',  ( 1.000000000000000000, 0.000000000000000000, -0.000000000000000000 ) ) ;
#2340 = PRODUCT_DEFINITION_FORMATION_WITH_SPECIFIED_SOURCE ( 'ANY', '', #393, .NOT_KNOWN. ) ;
#2341 = APPLICATION_PROTOCOL_DEFINITION ( 'draft international standard', 'automotive_design', 1998, #2801 ) ;
#2342 = ORIENTED_EDGE ( 'NONE', *, *, #1359, .F. ) ;
#2343 = CARTESIAN_POINT ( 'NONE',  ( 0.000000000000000000, 2.999999999999999556, 0.000000000000000000 ) ) ;
#2344 = ORIENTED_EDGE ( 'NONE', *, *, #2383, .F. ) ;
#2345 = UNCERTAINTY_MEASURE_WITH_UNIT (LENGTH_MEASURE( 1.000000000000000082E-05 ), #3243, 'distance_accuracy_value', 'NONE');
#2346 = DIRECTION ( 'NONE',  ( -1.000000000000000000, 0.000000000000000000, 0.000000000000000000 ) ) ;
#2347 = CARTESIAN_POINT ( 'NONE',  ( 4.000000000000004441, 5.999999999999999112, -1.250000000000000000 ) ) ;
#2348 = ORIENTED_EDGE ( 'NONE', *, *, #2911, .F. ) ;
#2349 = CARTESIAN_POINT ( 'NONE',  ( -0.7500000000000000000, 0.3499999999999999778, -13.29999999999999893 ) ) ;
#2350 = CARTESIAN_POINT ( 'NONE',  ( 2.999999999999999112, -3.000000000000000444, 2.617157287525380571 ) ) ;
#2351 = AXIS2_PLACEMENT_3D ( 'NONE', #3416, #2921, #988 ) ;
#2352 = DIRECTION ( 'NONE',  ( 1.000000000000000000, 0.000000000000000000, -0.000000000000000000 ) ) ;
#2353 = FACE_OUTER_BOUND ( 'NONE', #1031, .T. ) ;
#2354 = APPLICATION_PROTOCOL_DEFINITION ( 'draft international standard', 'automotive_design', 1998, #1994 ) ;
#2355 = ADVANCED_FACE ( 'NONE', ( #1450, #289 ), #847, .T. ) ;
#2356 = VERTEX_POINT ( 'NONE', #336 ) ;
#2357 = PLANE ( 'NONE',  #534 ) ;
#2358 = LINE ( 'NONE', #1534, #1133 ) ;
#2359 = ORIENTED_EDGE ( 'NONE', *, *, #2064, .T. ) ;
#2360 = VECTOR ( 'NONE', #3043, 1000.000000000000000 ) ;
#2361 = FACE_OUTER_BOUND ( 'NONE', #1223, .T. ) ;
#2362 = DIRECTION ( 'NONE',  ( -1.000000000000000000, 0.000000000000000000, -0.000000000000000000 ) ) ;
#2363 = ORIENTED_EDGE ( 'NONE', *, *, #2147, .T. ) ;
#2364 = VECTOR ( 'NONE', #2815, 1000.000000000000000 ) ;
#2365 = VECTOR ( 'NONE', #1406, 1000.000000000000114 ) ;
#2366 =( REPRESENTATION_RELATIONSHIP ('NONE','NONE', #1821, #5 ) REPRESENTATION_RELATIONSHIP_WITH_TRANSFORMATION ( #1531 )SHAPE_REPRESENTATION_RELATIONSHIP( ) );
#2367 = ADVANCED_FACE ( 'NONE', ( #3330 ), #3057, .F. ) ;
#2368 = DIRECTION ( 'NONE',  ( -2.168404344971008868E-16, -1.000000000000000000, 0.000000000000000000 ) ) ;
#2369 = DIRECTION ( 'NONE',  ( 0.000000000000000000, -1.000000000000000000, -0.000000000000000000 ) ) ;
#2370 = VECTOR ( 'NONE', #2447, 1000.000000000000000 ) ;
#2371 = VECTOR ( 'NONE', #3087, 1000.000000000000000 ) ;
#2372 = CARTESIAN_POINT ( 'NONE',  ( 0.3499999999999999778, 0.3499999999999999778, -13.29999999999999893 ) ) ;
#2373 = LINE ( 'NONE', #3141, #3136 ) ;
#2374 = VERTEX_POINT ( 'NONE', #1411 ) ;
#2375 = AXIS2_PLACEMENT_3D ( 'NONE', #1761, #3149, #3520 ) ;
#2376 = DIRECTION ( 'NONE',  ( 0.000000000000000000, -0.000000000000000000, -1.000000000000000000 ) ) ;
#2377 = DIRECTION ( 'NONE',  ( 0.000000000000000000, 1.000000000000000000, 0.000000000000000000 ) ) ;
#2378 = VERTEX_POINT ( 'NONE', #1182 ) ;
#2379 = SHAPE_REPRESENTATION_RELATIONSHIP ( 'NONE' , 'NONE' ,  #2697, #2401 ) ;
#2380 = CARTESIAN_POINT ( 'NONE',  ( 0.7500000000000000000, 0.3499999999999999778, -12.84999999999999787 ) ) ;
#2381 = CARTESIAN_POINT ( 'NONE',  ( -0.7500000000000000000, 0.3499999999999999778, -11.39999999999999858 ) ) ;
#2382 = ORIENTED_EDGE ( 'NONE', *, *, #1407, .T. ) ;
#2383 = EDGE_CURVE ( 'NONE', #2871, #31, #2550, .T. ) ;
#2384 = DIRECTION ( 'NONE',  ( -1.000000000000000000, 1.203706215242021751E-31, 0.000000000000000000 ) ) ;
#2385 = PLANE ( 'NONE',  #1274 ) ;
#2386 = EDGE_CURVE ( 'NONE', #1926, #44, #46, .T. ) ;
#2387 = EDGE_CURVE ( 'NONE', #3129, #2964, #2287, .T. ) ;
#2388 = VECTOR ( 'NONE', #1490, 1000.000000000000000 ) ;
#2389 = CARTESIAN_POINT ( 'NONE',  ( 3.900000000000000355, 0.2000000000000000111, -10.45000000000000107 ) ) ;
#2390 = CARTESIAN_POINT ( 'NONE',  ( -4.400000000000000355, 0.2000000000000000111, -10.05000000000000249 ) ) ;
#2391 = ORIENTED_EDGE ( 'NONE', *, *, #3283, .F. ) ;
#2392 = CARTESIAN_POINT ( 'NONE',  ( -3.999999999999996447, 9.629649721936179265E-31, -3.750000000000000000 ) ) ;
#2393 = VERTEX_POINT ( 'NONE', #3385 ) ;
#2394 = LINE ( 'NONE', #1267, #1074 ) ;
#2395 = ORIENTED_EDGE ( 'NONE', *, *, #2027, .F. ) ;
#2396 = ADVANCED_FACE ( 'NONE', ( #914 ), #2540, .F. ) ;
#2397 = DIRECTION ( 'NONE',  ( -1.000000000000000000, 2.168404344971008868E-16, 0.000000000000000000 ) ) ;
#2398 = DIRECTION ( 'NONE',  ( 0.000000000000000000, 0.000000000000000000, 1.000000000000000000 ) ) ;
#2399 = DIRECTION ( 'NONE',  ( -0.9819449375075969266, 0.000000000000000000, -0.1891669625045596936 ) ) ;
#2400 = ORIENTED_EDGE ( 'NONE', *, *, #651, .T. ) ;
#2401 = ADVANCED_BREP_SHAPE_REPRESENTATION ( '', ( #3088, #521 ), #52 ) ;
#2402 = EDGE_CURVE ( 'NONE', #209, #1010, #3370, .T. ) ;
#2403 = EDGE_CURVE ( 'NONE', #809, #834, #698, .T. ) ;
#2404 = DIRECTION ( 'NONE',  ( -0.000000000000000000, -1.000000000000000000, -0.000000000000000000 ) ) ;
#2405 = PRODUCT_DEFINITION_SHAPE ( 'NONE', 'NONE',  #1543 ) ;
#2406 = CARTESIAN_POINT ( 'NONE',  ( 2.900000000000000355, 0.05000000000000000278, 0.000000000000000000 ) ) ;
#2407 = VERTEX_POINT ( 'NONE', #379 ) ;
#2408 = ORIENTED_EDGE ( 'NONE', *, *, #726, .T. ) ;
#2409 = LINE ( 'NONE', #2999, #2712 ) ;
#2410 = ORIENTED_EDGE ( 'NONE', *, *, #887, .T. ) ;
#2411 = DIRECTION ( 'NONE',  ( 2.168404344971008079E-15, 0.000000000000000000, 1.000000000000000000 ) ) ;
#2412 = EDGE_CURVE ( 'NONE', #2483, #1156, #3198, .T. ) ;
#2413 = ORIENTED_EDGE ( 'NONE', *, *, #1387, .F. ) ;
#2414 = MECHANICAL_DESIGN_GEOMETRIC_PRESENTATION_REPRESENTATION (  '', ( #1481 ), #1140 ) ;
#2415 = EDGE_CURVE ( 'NONE', #2011, #3186, #978, .T. ) ;
#2416 =( REPRESENTATION_RELATIONSHIP ('NONE','NONE', #1821, #2697 ) REPRESENTATION_RELATIONSHIP_WITH_TRANSFORMATION ( #1753 )SHAPE_REPRESENTATION_RELATIONSHIP( ) );
#2417 = CARTESIAN_POINT ( 'NONE',  ( 0.000000000000000000, 2.999999999999999556, 2.700000000004365575 ) ) ;
#2418 = DIRECTION ( 'NONE',  ( -0.000000000000000000, -1.000000000000000000, 0.000000000000000000 ) ) ;
#2419 = CARTESIAN_POINT ( 'NONE',  ( 5.099999999999999645, 0.000000000000000000, -2.250000000000000888 ) ) ;
#2420 = ORIENTED_EDGE ( 'NONE', *, *, #1914, .F. ) ;
#2421 = VECTOR ( 'NONE', #836, 1000.000000000000114 ) ;
#2422 = LINE ( 'NONE', #2973, #2890 ) ;
#2423 = EDGE_CURVE ( 'NONE', #1697, #967, #2637, .T. ) ;
#2424 =( NAMED_UNIT ( * ) SI_UNIT ( $, .STERADIAN. ) SOLID_ANGLE_UNIT ( ) );
#2425 = LINE ( 'NONE', #2406, #642 ) ;
#2426 = CARTESIAN_POINT ( 'NONE',  ( -3.399999999999999467, 0.05000000000000000278, -2.250000000000000444 ) ) ;
#2427 = VECTOR ( 'NONE', #1104, 1000.000000000000000 ) ;
#2428 = ORIENTED_EDGE ( 'NONE', *, *, #2114, .F. ) ;
#2429 = AXIS2_PLACEMENT_3D ( 'NONE', #2248, #3352, #1412 ) ;
#2430 = DIRECTION ( 'NONE',  ( -1.000000000000000000, 0.000000000000000000, -2.551063935260010491E-16 ) ) ;
#2431 = ORIENTED_EDGE ( 'NONE', *, *, #1443, .T. ) ;
#2432 = DIRECTION ( 'NONE',  ( -1.000000000000000000, -0.000000000000000000, 0.000000000000000000 ) ) ;
#2433 = ADVANCED_FACE ( 'NONE', ( #2048 ), #3184, .T. ) ;
#2434 = EDGE_CURVE ( 'NONE', #3459, #3079, #697, .T. ) ;
#2435 = VECTOR ( 'NONE', #2162, 1000.000000000000000 ) ;
#2436 = CARTESIAN_POINT ( 'NONE',  ( -0.3499999999999999778, 0.3499999999999999778, -13.29999999999999893 ) ) ;
#2437 = PLANE ( 'NONE',  #187 ) ;
#2438 = DIRECTION ( 'NONE',  ( 1.000000000000000000, -1.203706215242022846E-31, 0.000000000000000000 ) ) ;
#2439 = ORIENTED_EDGE ( 'NONE', *, *, #1181, .T. ) ;
#2440 = CARTESIAN_POINT ( 'NONE',  ( 4.000000000000000888, 5.999999999999999112, -10.40000000000000213 ) ) ;
#2441 = APPLICATION_CONTEXT ( 'automotive_design' ) ;
#2442 = CARTESIAN_POINT ( 'NONE',  ( -5.099999999999999645, 0.2999999999999999889, -2.250000000000000888 ) ) ;
#2443 = DIRECTION ( 'NONE',  ( 0.000000000000000000, 0.000000000000000000, -1.000000000000000000 ) ) ;
#2444 = EDGE_CURVE ( 'NONE', #2210, #1027, #1265, .T. ) ;
#2445 = CARTESIAN_POINT ( 'NONE',  ( 0.2446587632569929005, 0.000000000000000000, -12.79859873968900352 ) ) ;
#2446 = VERTEX_POINT ( 'NONE', #667 ) ;
#2447 = DIRECTION ( 'NONE',  ( 1.000000000000000000, -2.168404344971008868E-16, -0.000000000000000000 ) ) ;
#2448 = VERTEX_POINT ( 'NONE', #2083 ) ;
#2449 = DIRECTION ( 'NONE',  ( 1.000000000000000000, 0.000000000000000000, -0.000000000000000000 ) ) ;
#2450 = AXIS2_PLACEMENT_3D ( 'NONE', #514, #3545, #1098 ) ;
#2451 = ORIENTED_EDGE ( 'NONE', *, *, #1539, .F. ) ;
#2452 = PLANE ( 'NONE',  #807 ) ;
#2453 = FACE_OUTER_BOUND ( 'NONE', #2668, .T. ) ;
#2454 = FACE_BOUND ( 'NONE', #850, .T. ) ;
#2455 = ORIENTED_EDGE ( 'NONE', *, *, #3556, .F. ) ;
#2456 = DIRECTION ( 'NONE',  ( 0.000000000000000000, 0.7071067811865474617, 0.7071067811865474617 ) ) ;
#2457 = CARTESIAN_POINT ( 'NONE',  ( -5.099999999999999645, 0.2999999999999999889, -2.250000000000000888 ) ) ;
#2458 = LINE ( 'NONE', #852, #1088 ) ;
#2459 = LINE ( 'NONE', #2529, #1597 ) ;
#2460 = LINE ( 'NONE', #263, #2336 ) ;
#2461 = DIRECTION ( 'NONE',  ( 1.000000000000000000, 0.000000000000000000, -0.000000000000000000 ) ) ;
#2462 = EDGE_CURVE ( 'NONE', #1762, #769, #1264, .T. ) ;
#2463 = ORIENTED_EDGE ( 'NONE', *, *, #2765, .T. ) ;
#2464 = CARTESIAN_POINT ( 'NONE',  ( 0.000000000000000000, 0.3499999999999999778, -12.84999999999999787 ) ) ;
#2465 = DIRECTION ( 'NONE',  ( 0.000000000000000000, 0.000000000000000000, -1.000000000000000000 ) ) ;
#2466 = ORIENTED_EDGE ( 'NONE', *, *, #2021, .F. ) ;
#2467 = EDGE_CURVE ( 'NONE', #769, #2810, #1605, .T. ) ;
#2468 = DIRECTION ( 'NONE',  ( 0.000000000000000000, -0.000000000000000000, 1.000000000000000000 ) ) ;
#2469 = CARTESIAN_POINT ( 'NONE',  ( 0.000000000000000000, 0.000000000000000000, 0.000000000000000000 ) ) ;
#2470 = AXIS2_PLACEMENT_3D ( 'NONE', #2118, #2085, #2102 ) ;
#2471 = CARTESIAN_POINT ( 'NONE',  ( -5.099999999999999645, 0.2999999999999999889, -2.250000000000000888 ) ) ;
#2472 = CARTESIAN_POINT ( 'NONE',  ( -0.7500000000000001110, 0.000000000000000000, -11.39999999999999858 ) ) ;
#2473 = DIRECTION ( 'NONE',  ( -1.000000000000000000, 1.445602896647339163E-16, 0.000000000000000000 ) ) ;
#2474 = ORIENTED_EDGE ( 'NONE', *, *, #1606, .F. ) ;
#2475 = ORIENTED_EDGE ( 'NONE', *, *, #2462, .T. ) ;
#2476 = DIRECTION ( 'NONE',  ( 0.000000000000000000, -1.000000000000000000, -0.000000000000000000 ) ) ;
#2477 = CARTESIAN_POINT ( 'NONE',  ( -3.399999999999999023, 5.938283995193979257E-31, -2.250000000000000444 ) ) ;
#2478 = SURFACE_SIDE_STYLE ('',( #3559 ) ) ;
#2479 = VECTOR ( 'NONE', #654, 1000.000000000000000 ) ;
#2480 = EDGE_CURVE ( 'NONE', #2483, #1859, #2849, .T. ) ;
#2481 = PLANE ( 'NONE',  #893 ) ;
#2482 = CARTESIAN_POINT ( 'NONE',  ( 3.000000000000000444, 8.999999999999996447, 2.617157287525380571 ) ) ;
#2483 = VERTEX_POINT ( 'NONE', #2865 ) ;
#2484 = PRESENTATION_LAYER_ASSIGNMENT (  '', '', ( #973 ) ) ;
#2485 = LINE ( 'NONE', #1120, #3342 ) ;
#2486 = ORIENTED_EDGE ( 'NONE', *, *, #607, .F. ) ;
#2487 = DIRECTION ( 'NONE',  ( 0.000000000000000000, -0.000000000000000000, 1.000000000000000000 ) ) ;
#2488 = VERTEX_POINT ( 'NONE', #1772 ) ;
#2489 = VECTOR ( 'NONE', #84, 1000.000000000000000 ) ;
#2490 = DIRECTION ( 'NONE',  ( 0.000000000000000000, 1.000000000000000000, 0.000000000000000000 ) ) ;
#2491 = CARTESIAN_POINT ( 'NONE',  ( -3.999999999999996447, 9.629649721936179265E-31, -2.250000000000000444 ) ) ;
#2492 = ORIENTED_EDGE ( 'NONE', *, *, #2577, .F. ) ;
#2493 = VECTOR ( 'NONE', #3489, 1000.000000000000000 ) ;
#2494 = CARTESIAN_POINT ( 'NONE',  ( -2.900000000000000355, 8.305572885169958120E-31, -1.250000000000000000 ) ) ;
#2495 = DIRECTION ( 'NONE',  ( -0.000000000000000000, -1.000000000000000000, -0.000000000000000000 ) ) ;
#2496 = DIRECTION ( 'NONE',  ( -1.000000000000000000, 0.000000000000000000, -0.000000000000000000 ) ) ;
#2497 = LINE ( 'NONE', #1578, #3077 ) ;
#2498 = CARTESIAN_POINT ( 'NONE',  ( 3.400000000000002576, 4.200000000000000178, -10.40000000000000213 ) ) ;
#2499 = ORIENTED_EDGE ( 'NONE', *, *, #2629, .F. ) ;
#2500 = DIRECTION ( 'NONE',  ( 0.000000000000000000, 1.000000000000000000, 0.000000000000000000 ) ) ;
#2501 = ORIENTED_EDGE ( 'NONE', *, *, #1492, .T. ) ;
#2502 = ORIENTED_EDGE ( 'NONE', *, *, #2507, .T. ) ;
#2503 = CARTESIAN_POINT ( 'NONE',  ( -3.903127820947815962E-16, 4.200000000000000178, 0.000000000000000000 ) ) ;
#2504 = AXIS2_PLACEMENT_3D ( 'NONE', #280, #1919, #2759 ) ;
#2505 = FACE_OUTER_BOUND ( 'NONE', #1421, .T. ) ;
#2506 = VERTEX_POINT ( 'NONE', #3164 ) ;
#2507 = EDGE_CURVE ( 'NONE', #653, #940, #1516, .T. ) ;
#2508 = ORIENTED_EDGE ( 'NONE', *, *, #2387, .F. ) ;
#2509 = VECTOR ( 'NONE', #1498, 1000.000000000000000 ) ;
#2510 = EDGE_CURVE ( 'NONE', #2286, #391, #547, .T. ) ;
#2511 = CARTESIAN_POINT ( 'NONE',  ( -4.400000000000000355, 0.000000000000000000, -9.750000000000000000 ) ) ;
#2512 = LINE ( 'NONE', #3319, #1372 ) ;
#2513 = ORIENTED_EDGE ( 'NONE', *, *, #2271, .F. ) ;
#2514 = CYLINDRICAL_SURFACE ( 'NONE', #2141, 0.5999999999999998668 ) ;
#2515 = DIRECTION ( 'NONE',  ( 0.000000000000000000, 0.000000000000000000, -1.000000000000000000 ) ) ;
#2516 = ORIENTED_EDGE ( 'NONE', *, *, #726, .F. ) ;
#2517 = LINE ( 'NONE', #43, #1032 ) ;
#2518 = ORIENTED_EDGE ( 'NONE', *, *, #3179, .F. ) ;
#2519 = ORIENTED_EDGE ( 'NONE', *, *, #2656, .T. ) ;
#2520 = DIRECTION ( 'NONE',  ( 0.000000000000000000, 1.000000000000000000, 0.000000000000000000 ) ) ;
#2521 = EDGE_CURVE ( 'NONE', #461, #2208, #1230, .T. ) ;
#2522 = VECTOR ( 'NONE', #1494, 1000.000000000000000 ) ;
#2523 = LINE ( 'NONE', #47, #3474 ) ;
#2524 = ADVANCED_FACE ( 'NONE', ( #1482 ), #124, .T. ) ;
#2525 = EDGE_CURVE ( 'NONE', #30, #1970, #3144, .T. ) ;
#2526 = ORIENTED_EDGE ( 'NONE', *, *, #1586, .F. ) ;
#2527 = CARTESIAN_POINT ( 'NONE',  ( -0.2446587632569925674, 0.000000000000000000, -12.79859873968900352 ) ) ;
#2528 = DIRECTION ( 'NONE',  ( -1.000000000000000000, 0.000000000000000000, -0.000000000000000000 ) ) ;
#2529 = CARTESIAN_POINT ( 'NONE',  ( -3.399999999999999467, 0.2999999999999999889, -2.250000000000000444 ) ) ;
#2530 = VERTEX_POINT ( 'NONE', #2034 ) ;
#2531 = ADVANCED_BREP_SHAPE_REPRESENTATION ( '', ( #712, #521 ), #3462 ) ;
#2532 = DIRECTION ( 'NONE',  ( 8.659560562354932858E-17, 0.7071067811865474617, -0.7071067811865474617 ) ) ;
#2533 = CARTESIAN_POINT ( 'NONE',  ( -5.099999999999999645, 0.000000000000000000, -2.250000000000000444 ) ) ;
#2534 = VERTEX_POINT ( 'NONE', #158 ) ;
#2535 = CARTESIAN_POINT ( 'NONE',  ( 0.3499999999999999778, 0.000000000000000000, -13.29999999999999893 ) ) ;
#2536 = ORIENTED_EDGE ( 'NONE', *, *, #113, .T. ) ;
#2537 =( LENGTH_UNIT ( ) NAMED_UNIT ( * ) SI_UNIT ( .MILLI., .METRE. ) );
#2538 = ORIENTED_EDGE ( 'NONE', *, *, #2642, .F. ) ;
#2539 = VECTOR ( 'NONE', #859, 1000.000000000000000 ) ;
#2540 = PLANE ( 'NONE',  #1152 ) ;
#2541 = VECTOR ( 'NONE', #3565, 1000.000000000000000 ) ;
#2542 = ORIENTED_EDGE ( 'NONE', *, *, #3321, .F. ) ;
#2543 = EDGE_CURVE ( 'NONE', #1569, #2881, #3128, .T. ) ;
#2544 = EDGE_CURVE ( 'NONE', #1731, #713, #2609, .T. ) ;
#2545 = VECTOR ( 'NONE', #2790, 1000.000000000000000 ) ;
#2546 = ORIENTED_EDGE ( 'NONE', *, *, #1798, .F. ) ;
#2547 = CARTESIAN_POINT ( 'NONE',  ( 0.000000000000000000, 2.999999999999999556, 0.000000000000000000 ) ) ;
#2548 = CARTESIAN_POINT ( 'NONE',  ( -4.400000000000000355, 0.2000000000000000111, -9.449999999999999289 ) ) ;
#2549 = LINE ( 'NONE', #2599, #3367 ) ;
#2550 = CIRCLE ( 'NONE', #3292, 0.5999999999999998668 ) ;
#2551 = COLOUR_RGB ( '',0.2980392156862745057, 0.2980392156862745057, 0.2980392156862745057 ) ;
#2552 = CARTESIAN_POINT ( 'NONE',  ( 0.7500000000000001110, 0.3499999999999999778, -11.39999999999999858 ) ) ;
#2553 = CARTESIAN_POINT ( 'NONE',  ( 7.347880793900633780E-17, -0.9999999999999993339, -8.899999999919693039 ) ) ;
#2554 = LINE ( 'NONE', #1441, #419 ) ;
#2555 = ORIENTED_EDGE ( 'NONE', *, *, #227, .T. ) ;
#2556 = ADVANCED_FACE ( 'NONE', ( #961 ), #2357, .F. ) ;
#2557 = ADVANCED_FACE ( 'NONE', ( #1011 ), #1881, .F. ) ;
#2558 = CARTESIAN_POINT ( 'NONE',  ( 2.899999999999999911, 3.310192091915566001E-32, -9.050000000000000711 ) ) ;
#2559 = VERTEX_POINT ( 'NONE', #2695 ) ;
#2560 = DIRECTION ( 'NONE',  ( 1.000000000000000000, 0.000000000000000000, 0.000000000000000000 ) ) ;
#2561 = ORIENTED_EDGE ( 'NONE', *, *, #1663, .F. ) ;
#2562 = CARTESIAN_POINT ( 'NONE',  ( 0.000000000000000000, 0.000000000000000000, -2.000000000000000000 ) ) ;
#2563 = VECTOR ( 'NONE', #2645, 1000.000000000000114 ) ;
#2564 = EDGE_LOOP ( 'NONE', ( #1167, #3349, #205, #1678 ) ) ;
#2565 = CARTESIAN_POINT ( 'NONE',  ( -5.100000000000000533, 0.2999999999999999889, -3.349999999999999645 ) ) ;
#2566 = LINE ( 'NONE', #3374, #692 ) ;
#2567 = DIRECTION ( 'NONE',  ( 1.000000000000000000, -1.203706215242021751E-31, -0.000000000000000000 ) ) ;
#2568 = DIRECTION ( 'NONE',  ( 0.000000000000000000, 0.000000000000000000, 1.000000000000000000 ) ) ;
#2569 = CARTESIAN_POINT ( 'NONE',  ( 0.000000000000000000, 0.3499999999999999778, -11.39999999999999858 ) ) ;
#2570 = CARTESIAN_POINT ( 'NONE',  ( -4.400000000000000355, 0.000000000000000000, -10.05000000000000249 ) ) ;
#2571 = ORIENTED_EDGE ( 'NONE', *, *, #803, .T. ) ;
#2572 = ADVANCED_FACE ( 'NONE', ( #2116 ), #1333, .F. ) ;
#2573 = DIRECTION ( 'NONE',  ( -0.000000000000000000, -1.000000000000000000, -0.000000000000000000 ) ) ;
#2574 = ORIENTED_EDGE ( 'NONE', *, *, #3447, .T. ) ;
#2575 =( NAMED_UNIT ( * ) SI_UNIT ( $, .STERADIAN. ) SOLID_ANGLE_UNIT ( ) );
#2576 = ORIENTED_EDGE ( 'NONE', *, *, #1703, .T. ) ;
#2577 = EDGE_CURVE ( 'NONE', #310, #3174, #223, .T. ) ;
#2578 = CARTESIAN_POINT ( 'NONE',  ( -3.999999999999996447, 9.629649721936179265E-31, -2.250000000000000444 ) ) ;
#2579 = ORIENTED_EDGE ( 'NONE', *, *, #637, .T. ) ;
#2580 = VERTEX_POINT ( 'NONE', #1845 ) ;
#2581 = DIRECTION ( 'NONE',  ( -0.000000000000000000, -1.000000000000000000, 0.000000000000000000 ) ) ;
#2582 = CARTESIAN_POINT ( 'NONE',  ( 0.000000000000000000, 2.999999999999999556, 2.499999999997726263 ) ) ;
#2583 = CARTESIAN_POINT ( 'NONE',  ( -3.700000000000000178, 8.673617379884035472E-16, -4.750000000000000888 ) ) ;
#2584 = CONICAL_SURFACE ( 'NONE', #3095, 2.000000000009549694, 0.7853981633974482790 ) ;
#2585 = VECTOR ( 'NONE', #1918, 1000.000000000000000 ) ;
#2586 = CARTESIAN_POINT ( 'NONE',  ( -3.699999999999998845, 6.000000000000000888, -4.750000000000000888 ) ) ;
#2587 = CARTESIAN_POINT ( 'NONE',  ( -3.000000000000000888, -2.999999999999999556, 2.617157287525380571 ) ) ;
#2588 = ORIENTED_EDGE ( 'NONE', *, *, #1833, .T. ) ;
#2589 = ADVANCED_FACE ( 'NONE', ( #1904 ), #481, .F. ) ;
#2590 = DIRECTION ( 'NONE',  ( -1.000000000000000000, 0.000000000000000000, 0.000000000000000000 ) ) ;
#2591 = ORIENTED_EDGE ( 'NONE', *, *, #2656, .F. ) ;
#2592 = PRODUCT_CONTEXT ( 'NONE', #532, 'mechanical' ) ;
#2593 = AXIS2_PLACEMENT_3D ( 'NONE', #3002, #1733, #3142 ) ;
#2594 = DIRECTION ( 'NONE',  ( -0.000000000000000000, 1.000000000000000000, 0.000000000000000000 ) ) ;
#2595 = ORIENTED_EDGE ( 'NONE', *, *, #845, .F. ) ;
#2596 = ORIENTED_EDGE ( 'NONE', *, *, #516, .F. ) ;
#2597 = LINE ( 'NONE', #3118, #2479 ) ;
#2598 = DIRECTION ( 'NONE',  ( -0.2056050412439770769, 0.000000000000000000, -0.9786350530279724902 ) ) ;
#2599 = CARTESIAN_POINT ( 'NONE',  ( -1.800000000000000266, 3.000000000000000000, -11.30000000000000071 ) ) ;
#2600 = ORIENTED_EDGE ( 'NONE', *, *, #2114, .T. ) ;
#2601 = CIRCLE ( 'NONE', #1607, 0.5999999999999998668 ) ;
#2602 = PLANE ( 'NONE',  #2809 ) ;
#2603 = DIRECTION ( 'NONE',  ( -0.000000000000000000, -0.000000000000000000, 1.000000000000000000 ) ) ;
#2604 = AXIS2_PLACEMENT_3D ( 'NONE', #2221, #2279, #3322 ) ;
#2605 = CARTESIAN_POINT ( 'NONE',  ( 4.000000000000001776, -8.673617379884035472E-16, -5.775000000000001243 ) ) ;
#2606 = DIRECTION ( 'NONE',  ( -1.000000000000000000, -0.000000000000000000, -0.000000000000000000 ) ) ;
#2607 = APPLICATION_PROTOCOL_DEFINITION ( 'draft international standard', 'automotive_design', 1998, #1550 ) ;
#2608 = ORIENTED_EDGE ( 'NONE', *, *, #106, .F. ) ;
#2609 = LINE ( 'NONE', #1247, #2076 ) ;
#2610 = ORIENTED_EDGE ( 'NONE', *, *, #2212, .T. ) ;
#2611 = DIRECTION ( 'NONE',  ( -2.168404344971008868E-16, -1.000000000000000000, -0.000000000000000000 ) ) ;
#2612 = ORIENTED_EDGE ( 'NONE', *, *, #1465, .T. ) ;
#2613 = EDGE_CURVE ( 'NONE', #3174, #1913, #750, .T. ) ;
#2614 = CARTESIAN_POINT ( 'NONE',  ( -3.399999999999999467, 0.05000000000000000278, -2.250000000000000444 ) ) ;
#2615 = VECTOR ( 'NONE', #2206, 1000.000000000000000 ) ;
#2616 = FACE_OUTER_BOUND ( 'NONE', #1641, .T. ) ;
#2617 = DIRECTION ( 'NONE',  ( -1.000000000000000000, 2.168404344971009361E-16, 0.000000000000000000 ) ) ;
#2618 = CARTESIAN_POINT ( 'NONE',  ( -2.900000000000000355, 0.2000000000000000111, -10.45000000000000107 ) ) ;
#2619 = CLOSED_SHELL ( 'NONE', ( #2007, #338, #410, #1114, #1900, #2946, #278, #886, #2906, #2671 ) ) ;
#2620 = ORIENTED_EDGE ( 'NONE', *, *, #2402, .F. ) ;
#2621 = DIRECTION ( 'NONE',  ( 0.000000000000000000, -1.000000000000000000, 0.000000000000000000 ) ) ;
#2622 = LINE ( 'NONE', #1301, #103 ) ;
#2623 = ORIENTED_EDGE ( 'NONE', *, *, #557, .F. ) ;
#2624 = ADVANCED_FACE ( 'NONE', ( #3265 ), #1047, .F. ) ;
#2625 =( LENGTH_UNIT ( ) NAMED_UNIT ( * ) SI_UNIT ( .MILLI., .METRE. ) );
#2626 = CARTESIAN_POINT ( 'NONE',  ( 4.400000000000000355, 0.2000000000000000111, -10.45000000000000107 ) ) ;
#2627 = CARTESIAN_POINT ( 'NONE',  ( -2.900000000000000355, 0.2000000000000000111, -10.45000000000000107 ) ) ;
#2628 = ORIENTED_EDGE ( 'NONE', *, *, #2786, .T. ) ;
#2629 = EDGE_CURVE ( 'NONE', #2028, #1183, #192, .T. ) ;
#2630 = PRODUCT_DEFINITION ( 'UNKNOWN', '', #1985, #2954 ) ;
#2631 = CARTESIAN_POINT ( 'NONE',  ( -3.399999999999999467, 0.2999999999999999889, -3.750000000000000000 ) ) ;
#2632 = DIRECTION ( 'NONE',  ( 0.000000000000000000, 1.000000000000000000, 0.000000000000000000 ) ) ;
#2633 = VECTOR ( 'NONE', #2432, 1000.000000000000000 ) ;
#2634 = CARTESIAN_POINT ( 'NONE',  ( -3.999999999999998224, 4.200000000000000178, -12.19999999999999929 ) ) ;
#2635 = DIRECTION ( 'NONE',  ( 0.000000000000000000, 0.000000000000000000, 1.000000000000000000 ) ) ;
#2636 = ORIENTED_EDGE ( 'NONE', *, *, #1124, .T. ) ;
#2637 = LINE ( 'NONE', #1197, #61 ) ;
#2638 = CARTESIAN_POINT ( 'NONE',  ( -3.399999999999999911, 8.673617379884035472E-16, -11.39999999999999858 ) ) ;
#2639 = EDGE_CURVE ( 'NONE', #1183, #1829, #1552, .T. ) ;
#2640 = ORIENTED_EDGE ( 'NONE', *, *, #1236, .T. ) ;
#2641 = VECTOR ( 'NONE', #2291, 1000.000000000000000 ) ;
#2642 = EDGE_CURVE ( 'NONE', #3238, #517, #3547, .T. ) ;
#2643 = CARTESIAN_POINT ( 'NONE',  ( -3.999999999999998224, 4.200000000000000178, -12.19999999999999929 ) ) ;
#2644 = EDGE_CURVE ( 'NONE', #767, #2333, #2409, .T. ) ;
#2645 = DIRECTION ( 'NONE',  ( -0.9819449375075969266, 0.000000000000000000, 0.1891669625045597769 ) ) ;
#2646 = ORIENTED_EDGE ( 'NONE', *, *, #1483, .F. ) ;
#2647 = CIRCLE ( 'NONE', #3110, 3.000000000000000444 ) ;
#2648 = COLOUR_RGB ( '',1.000000000000000000, 1.000000000000000000, 0.000000000000000000 ) ;
#2649 = CARTESIAN_POINT ( 'NONE',  ( 0.000000000000000000, 2.999999999999999556, -11.30000000000000071 ) ) ;
#2650 = DIRECTION ( 'NONE',  ( 1.203706215242022846E-31, 1.000000000000000000, 0.000000000000000000 ) ) ;
#2651 = AXIS2_PLACEMENT_3D ( 'NONE', #2100, #433, #1736 ) ;
#2652 = AXIS2_PLACEMENT_3D ( 'NONE', #428, #1239, #462 ) ;
#2653 = DIRECTION ( 'NONE',  ( 0.000000000000000000, 0.000000000000000000, -1.000000000000000000 ) ) ;
#2654 = LINE ( 'NONE', #430, #2509 ) ;
#2655 = ORIENTED_EDGE ( 'NONE', *, *, #2662, .F. ) ;
#2656 = EDGE_CURVE ( 'NONE', #301, #2580, #1065, .T. ) ;
#2657 = AXIS2_PLACEMENT_3D ( 'NONE', #1221, #1743, #2069 ) ;
#2658 = DIRECTION ( 'NONE',  ( -1.239088197126289831E-16, 2.686844230450940920E-32, -1.000000000000000000 ) ) ;
#2659 = ORIENTED_EDGE ( 'NONE', *, *, #1287, .F. ) ;
#2660 = CARTESIAN_POINT ( 'NONE',  ( -0.7500000000000000000, 0.000000000000000000, -11.39999999999999858 ) ) ;
#2661 = ORIENTED_EDGE ( 'NONE', *, *, #2148, .T. ) ;
#2662 = EDGE_CURVE ( 'NONE', #3548, #1648, #1580, .T. ) ;
#2663 = APPLICATION_CONTEXT ( 'automotive_design' ) ;
#2664 = EDGE_CURVE ( 'NONE', #3387, #1356, #2966, .T. ) ;
#2665 = PRODUCT_DEFINITION_CONTEXT ( 'detailed design', #3168, 'design' ) ;
#2666 = CARTESIAN_POINT ( 'NONE',  ( -4.400000000000000355, 0.2000000000000000111, -10.05000000000000249 ) ) ;
#2667 = LINE ( 'NONE', #3237, #3192 ) ;
#2668 = EDGE_LOOP ( 'NONE', ( #284, #647, #1773, #3366 ) ) ;
#2669 = CARTESIAN_POINT ( 'NONE',  ( 0.000000000000000000, 0.3499999999999999778, -12.84999999999999787 ) ) ;
#2670 = PLANE ( 'NONE',  #2084 ) ;
#2671 = ADVANCED_FACE ( 'NONE', ( #3499 ), #2676, .F. ) ;
#2672 = DIRECTION ( 'NONE',  ( -0.000000000000000000, -0.000000000000000000, -1.000000000000000000 ) ) ;
#2673 = CARTESIAN_POINT ( 'NONE',  ( 6.018531076210114778E-33, 0.05000000000000000278, 0.000000000000000000 ) ) ;
#2674 = EDGE_LOOP ( 'NONE', ( #2439, #182, #2282, #2307 ) ) ;
#2675 = ADVANCED_FACE ( 'NONE', ( #3514 ), #1028, .F. ) ;
#2676 = PLANE ( 'NONE',  #2018 ) ;
#2677 = DIRECTION ( 'NONE',  ( -3.329236973468649330E-46, -1.000000000000000000, -2.686844230450948693E-31 ) ) ;
#2678 = ORIENTED_EDGE ( 'NONE', *, *, #1486, .F. ) ;
#2679 = LINE ( 'NONE', #2982, #2113 ) ;
#2680 = ORIENTED_EDGE ( 'NONE', *, *, #516, .T. ) ;
#2681 = EDGE_CURVE ( 'NONE', #1970, #2328, #1861, .T. ) ;
#2682 = DIRECTION ( 'NONE',  ( 0.2056050412439791863, 0.000000000000000000, -0.9786350530279720461 ) ) ;
#2683 = LINE ( 'NONE', #212, #1324 ) ;
#2684 = DIRECTION ( 'NONE',  ( 0.000000000000000000, 1.000000000000000000, 0.000000000000000000 ) ) ;
#2685 = ORIENTED_EDGE ( 'NONE', *, *, #1932, .F. ) ;
#2686 = LINE ( 'NONE', #761, #1667 ) ;
#2687 = PRESENTATION_STYLE_ASSIGNMENT (( #3194 ) ) ;
#2688 = AXIS2_PLACEMENT_3D ( 'NONE', #1440, #806, #1351 ) ;
#2689 = CARTESIAN_POINT ( 'NONE',  ( 3.399999999999999467, 0.05000000000000000278, 0.000000000000000000 ) ) ;
#2690 = FACE_OUTER_BOUND ( 'NONE', #1449, .T. ) ;
#2691 = EDGE_CURVE ( 'NONE', #653, #1988, #1422, .T. ) ;
#2692 = EDGE_CURVE ( 'NONE', #519, #2957, #1696, .T. ) ;
#2693 = ORIENTED_EDGE ( 'NONE', *, *, #2783, .F. ) ;
#2694 = VECTOR ( 'NONE', #1361, 1000.000000000000000 ) ;
#2695 = CARTESIAN_POINT ( 'NONE',  ( -3.399999999999999023, 3.945728677609008074E-31, -9.050000000000000711 ) ) ;
#2696 = ORIENTED_EDGE ( 'NONE', *, *, #277, .F. ) ;
#2697 = SHAPE_REPRESENTATION ( '(03-772)\X2\0160\X0\O\X2\0152\X0\`\X2\0192201a0192\X0\f\X2\01922039\X0\_5', ( #521 ), #52 ) ;
#2698 = CARTESIAN_POINT ( 'NONE',  ( 5.099999999999999645, 0.2999999999999999889, -3.750000000000000000 ) ) ;
#2699 = ORIENTED_EDGE ( 'NONE', *, *, #2765, .F. ) ;
#2700 = CARTESIAN_POINT ( 'NONE',  ( 0.000000000000000000, -1.199999999999999956, -2.000000000000000000 ) ) ;
#2701 = DIRECTION ( 'NONE',  ( -1.203706215242022189E-31, -1.000000000000000000, 0.000000000000000000 ) ) ;
#2702 = CARTESIAN_POINT ( 'NONE',  ( -3.999999999999995559, 6.000000000000000888, -5.775000000000000355 ) ) ;
#2703 = EDGE_LOOP ( 'NONE', ( #2119, #824, #802, #355 ) ) ;
#2704 = EDGE_CURVE ( 'NONE', #2800, #3061, #608, .T. ) ;
#2705 = VECTOR ( 'NONE', #2581, 1000.000000000000000 ) ;
#2706 = CARTESIAN_POINT ( 'NONE',  ( 4.000000000000000000, -8.673617379884035472E-16, -4.750000000000001776 ) ) ;
#2707 = FACE_OUTER_BOUND ( 'NONE', #931, .T. ) ;
#2708 = VECTOR ( 'NONE', #1783, 1000.000000000000000 ) ;
#2709 = VECTOR ( 'NONE', #2862, 1000.000000000000000 ) ;
#2710 = CARTESIAN_POINT ( 'NONE',  ( -5.099999999999999645, 0.000000000000000000, -3.000000000000000000 ) ) ;
#2711 = DIRECTION ( 'NONE',  ( -0.000000000000000000, 0.000000000000000000, -1.000000000000000000 ) ) ;
#2712 = VECTOR ( 'NONE', #2658, 1000.000000000000000 ) ;
#2713 = ORIENTED_EDGE ( 'NONE', *, *, #1034, .F. ) ;
#2714 = CARTESIAN_POINT ( 'NONE',  ( -3.399999999999999467, 0.2999999999999999889, -2.250000000000000444 ) ) ;
#2715 = VERTEX_POINT ( 'NONE', #3071 ) ;
#2716 = LINE ( 'NONE', #520, #3386 ) ;
#2717 = AXIS2_PLACEMENT_3D ( 'NONE', #2503, #631, #2215 ) ;
#2718 = CARTESIAN_POINT ( 'NONE',  ( 0.7500000000000001110, 0.3499999999999999778, -13.29999999999999893 ) ) ;
#2719 = LINE ( 'NONE', #792, #2082 ) ;
#2720 = CARTESIAN_POINT ( 'NONE',  ( 3.299999999999998490, -8.673617379884035472E-16, -4.750000000000002665 ) ) ;
#2721 = ORIENTED_EDGE ( 'NONE', *, *, #3031, .F. ) ;
#2722 = LINE ( 'NONE', #256, #3354 ) ;
#2723 = LINE ( 'NONE', #535, #2305 ) ;
#2724 = CARTESIAN_POINT ( 'NONE',  ( 4.598598739689005122, 0.2999999999999999889, -2.755341236743007460 ) ) ;
#2725 = DIRECTION ( 'NONE',  ( 0.000000000000000000, 1.000000000000000000, -0.000000000000000000 ) ) ;
#2726 = EDGE_CURVE ( 'NONE', #1039, #1397, #695, .T. ) ;
#2727 = PLANE ( 'NONE',  #1431 ) ;
#2728 = DIRECTION ( 'NONE',  ( -2.168404344971008868E-16, -1.000000000000000000, -0.000000000000000000 ) ) ;
#2729 = ORIENTED_EDGE ( 'NONE', *, *, #1328, .F. ) ;
#2730 = CIRCLE ( 'NONE', #1172, 0.5999999999999998668 ) ;
#2731 = CARTESIAN_POINT ( 'NONE',  ( 0.7500000000000000000, 0.3499999999999999778, -11.39999999999999858 ) ) ;
#2732 = VERTEX_POINT ( 'NONE', #2535 ) ;
#2733 = CYLINDRICAL_SURFACE ( 'NONE', #2688, 0.2500000000000002220 ) ;
#2734 = ORIENTED_EDGE ( 'NONE', *, *, #887, .F. ) ;
#2735 = FACE_OUTER_BOUND ( 'NONE', #541, .T. ) ;
#2736 = FACE_OUTER_BOUND ( 'NONE', #2234, .T. ) ;
#2737 = DIRECTION ( 'NONE',  ( 0.000000000000000000, -1.000000000000000000, -0.000000000000000000 ) ) ;
#2738 = ORIENTED_EDGE ( 'NONE', *, *, #3450, .F. ) ;
#2739 = DIRECTION ( 'NONE',  ( 0.000000000000000000, 0.000000000000000000, -1.000000000000000000 ) ) ;
#2740 = CARTESIAN_POINT ( 'NONE',  ( -3.900000000000000355, 0.000000000000000000, -10.45000000000000107 ) ) ;
#2741 = CARTESIAN_POINT ( 'NONE',  ( -2.900000000000000355, 0.000000000000000000, -9.750000000000000000 ) ) ;
#2742 = PLANE ( 'NONE',  #873 ) ;
#2743 = ORIENTED_EDGE ( 'NONE', *, *, #1735, .F. ) ;
#2744 = PLANE ( 'NONE',  #1261 ) ;
#2745 = ORIENTED_EDGE ( 'NONE', *, *, #870, .T. ) ;
#2746 = CARTESIAN_POINT ( 'NONE',  ( 0.000000000000000000, -1.199999999926149030, -2.000000000000000000 ) ) ;
#2747 = DIRECTION ( 'NONE',  ( 1.000000000000000000, 0.000000000000000000, 0.000000000000000000 ) ) ;
#2748 = ORIENTED_EDGE ( 'NONE', *, *, #1663, .T. ) ;
#2749 = AXIS2_PLACEMENT_3D ( 'NONE', #3122, #3193, #675 ) ;
#2750 = PLANE ( 'NONE',  #476 ) ;
#2751 = EDGE_CURVE ( 'NONE', #999, #1926, #2763, .T. ) ;
#2752 = CARTESIAN_POINT ( 'NONE',  ( -3.999999999999996447, 9.629649721936179265E-31, -1.250000000000000000 ) ) ;
#2753 = EDGE_CURVE ( 'NONE', #1901, #775, #3035, .T. ) ;
#2754 = ORIENTED_EDGE ( 'NONE', *, *, #2135, .T. ) ;
#2755 = ADVANCED_FACE ( 'NONE', ( #1922 ), #2744, .T. ) ;
#2756 = CARTESIAN_POINT ( 'NONE',  ( 5.099999999999999645, 0.2999999999999999889, -3.000000000000000000 ) ) ;
#2757 = CARTESIAN_POINT ( 'NONE',  ( -1.800000000002910161, 3.000000000000000000, 2.499999999997726263 ) ) ;
#2758 = VECTOR ( 'NONE', #3448, 1000.000000000000000 ) ;
#2759 = DIRECTION ( 'NONE',  ( -0.000000000000000000, 0.000000000000000000, -1.000000000000000000 ) ) ;
#2760 = CARTESIAN_POINT ( 'NONE',  ( -3.000000000000000000, 8.999999999999998224, 2.500000000000000000 ) ) ;
#2761 = ORIENTED_EDGE ( 'NONE', *, *, #1625, .F. ) ;
#2762 = AXIS2_PLACEMENT_3D ( 'NONE', #727, #203, #1824 ) ;
#2763 = LINE ( 'NONE', #1941, #2427 ) ;
#2764 = ORIENTED_EDGE ( 'NONE', *, *, #1192, .F. ) ;
#2765 = EDGE_CURVE ( 'NONE', #2356, #2286, #1159, .T. ) ;
#2766 = VERTEX_POINT ( 'NONE', #1661 ) ;
#2767 = DIRECTION ( 'NONE',  ( 1.000000000000000000, 0.000000000000000000, -0.000000000000000000 ) ) ;
#2768 = EDGE_CURVE ( 'NONE', #2800, #391, #3306, .T. ) ;
#2769 = LINE ( 'NONE', #1090, #2197 ) ;
#2770 = ORIENTED_EDGE ( 'NONE', *, *, #3297, .T. ) ;
#2771 = ADVANCED_FACE ( 'NONE', ( #575 ), #842, .F. ) ;
#2772 = ORIENTED_EDGE ( 'NONE', *, *, #899, .F. ) ;
#2773 = VECTOR ( 'NONE', #2157, 1000.000000000000000 ) ;
#2774 = CARTESIAN_POINT ( 'NONE',  ( -3.999999999999996447, 9.629649721936179265E-31, -10.45000000000000107 ) ) ;
#2775 = CARTESIAN_POINT ( 'NONE',  ( -2.799999999999999378, 8.599999999999999645, 2.700000000000000178 ) ) ;
#2776 = DIRECTION ( 'NONE',  ( -0.000000000000000000, 1.000000000000000000, 0.000000000000000000 ) ) ;
#2777 = DIRECTION ( 'NONE',  ( 0.000000000000000000, 1.000000000000000000, 0.000000000000000000 ) ) ;
#2778 = LINE ( 'NONE', #823, #1909 ) ;
#2779 = ORIENTED_EDGE ( 'NONE', *, *, #2834, .T. ) ;
#2780 = EDGE_CURVE ( 'NONE', #1567, #1991, #626, .T. ) ;
#2781 = DIRECTION ( 'NONE',  ( -0.000000000000000000, -1.000000000000000000, -0.000000000000000000 ) ) ;
#2782 = VERTEX_POINT ( 'NONE', #29 ) ;
#2783 = EDGE_CURVE ( 'NONE', #249, #1968, #302, .T. ) ;
#2784 = CARTESIAN_POINT ( 'NONE',  ( 0.000000000000000000, 0.000000000000000000, 0.000000000000000000 ) ) ;
#2785 = ORIENTED_EDGE ( 'NONE', *, *, #14, .T. ) ;
#2786 = EDGE_CURVE ( 'NONE', #2488, #562, #2485, .T. ) ;
#2787 = PRODUCT_DEFINITION ( 'UNKNOWN', '', #2340, #1799 ) ;
#2788 = DIRECTION ( 'NONE',  ( -0.000000000000000000, -1.000000000000000000, -0.000000000000000000 ) ) ;
#2789 = CONICAL_SURFACE ( 'NONE', #1057, 0.5999999999535248207, 0.7853981633974482790 ) ;
#2790 = DIRECTION ( 'NONE',  ( -0.000000000000000000, 0.000000000000000000, 1.000000000000000000 ) ) ;
#2791 = ORIENTED_EDGE ( 'NONE', *, *, #1655, .T. ) ;
#2792 = EDGE_LOOP ( 'NONE', ( #3473, #2680, #593, #128 ) ) ;
#2793 = AXIS2_PLACEMENT_3D ( 'NONE', #3182, #2908, #170 ) ;
#2794 = PRODUCT_DEFINITION_FORMATION_WITH_SPECIFIED_SOURCE ( 'ANY', '', #1275, .NOT_KNOWN. ) ;
#2795 = CARTESIAN_POINT ( 'NONE',  ( 2.800000000000000266, 2.999999999999999556, 2.700000000000000178 ) ) ;
#2796 = DIRECTION ( 'NONE',  ( 0.000000000000000000, 0.000000000000000000, -1.000000000000000000 ) ) ;
#2797 = ORIENTED_EDGE ( 'NONE', *, *, #3315, .F. ) ;
#2798 = DIRECTION ( 'NONE',  ( 0.000000000000000000, 0.000000000000000000, 1.000000000000000000 ) ) ;
#2799 = CARTESIAN_POINT ( 'NONE',  ( -2.917157287525379949, 8.834314575050759899, 2.699999999999999734 ) ) ;
#2800 = VERTEX_POINT ( 'NONE', #2558 ) ;
#2801 = APPLICATION_CONTEXT ( 'automotive_design' ) ;
#2802 = DIRECTION ( 'NONE',  ( 0.000000000000000000, 1.000000000000000000, 0.000000000000000000 ) ) ;
#2803 = EDGE_CURVE ( 'NONE', #391, #1461, #3090, .T. ) ;
#2804 = VERTEX_POINT ( 'NONE', #1955 ) ;
#2805 = EDGE_CURVE ( 'NONE', #2011, #45, #3051, .T. ) ;
#2806 = DIRECTION ( 'NONE',  ( 0.000000000000000000, 0.000000000000000000, 1.000000000000000000 ) ) ;
#2807 = ORIENTED_EDGE ( 'NONE', *, *, #412, .F. ) ;
#2808 = CARTESIAN_POINT ( 'NONE',  ( 0.000000000000000000, 2.999999999999999556, 2.700000000000000178 ) ) ;
#2809 = AXIS2_PLACEMENT_3D ( 'NONE', #2614, #3137, #185 ) ;
#2810 = VERTEX_POINT ( 'NONE', #1444 ) ;
#2811 = PRODUCT_DEFINITION_CONTEXT ( 'detailed design', #1550, 'design' ) ;
#2812 = ORIENTED_EDGE ( 'NONE', *, *, #3461, .F. ) ;
#2813 = DIRECTION ( 'NONE',  ( -0.9786350530279723792, 0.000000000000000000, -0.2056050412439770492 ) ) ;
#2814 = EDGE_CURVE ( 'NONE', #1484, #3097, #2517, .T. ) ;
#2815 = DIRECTION ( 'NONE',  ( -0.000000000000000000, -0.000000000000000000, -1.000000000000000000 ) ) ;
#2816 = PLANE ( 'NONE',  #2095 ) ;
#2817 = ORIENTED_EDGE ( 'NONE', *, *, #2692, .F. ) ;
#2818 = EDGE_CURVE ( 'NONE', #2329, #705, #1712, .T. ) ;
#2819 = DIRECTION ( 'NONE',  ( 0.000000000000000000, 0.000000000000000000, -1.000000000000000000 ) ) ;
#2820 = CARTESIAN_POINT ( 'NONE',  ( -3.300000000000001155, 8.673617379884035472E-16, -4.750000000000001776 ) ) ;
#2821 = FACE_OUTER_BOUND ( 'NONE', #3022, .T. ) ;
#2822 = ORIENTED_EDGE ( 'NONE', *, *, #2936, .T. ) ;
#2823 = VECTOR ( 'NONE', #1488, 1000.000000000000227 ) ;
#2824 = CARTESIAN_POINT ( 'NONE',  ( -0.7500000000000000000, 0.000000000000000000, -13.29999999999999893 ) ) ;
#2825 = ORIENTED_EDGE ( 'NONE', *, *, #1224, .F. ) ;
#2826 = DIRECTION ( 'NONE',  ( 1.000000000000000000, 0.000000000000000000, 0.000000000000000000 ) ) ;
#2827 = ORIENTED_EDGE ( 'NONE', *, *, #2462, .F. ) ;
#2828 = MECHANICAL_DESIGN_GEOMETRIC_PRESENTATION_REPRESENTATION (  '', ( #2015 ), #1258 ) ;
#2829 = VECTOR ( 'NONE', #3511, 1000.000000000000000 ) ;
#2830 = CARTESIAN_POINT ( 'NONE',  ( 4.000000000000000000, 0.000000000000000000, -1.250000000000000000 ) ) ;
#2831 = VECTOR ( 'NONE', #1426, 1000.000000000000000 ) ;
#2832 = ORIENTED_EDGE ( 'NONE', *, *, #749, .T. ) ;
#2833 = AXIS2_PLACEMENT_3D ( 'NONE', #3282, #839, #3069 ) ;
#2834 = EDGE_CURVE ( 'NONE', #3117, #2446, #3279, .T. ) ;
#2835 = VERTEX_POINT ( 'NONE', #2061 ) ;
#2836 = CARTESIAN_POINT ( 'NONE',  ( 3.399999999999999467, 0.2999999999999999889, -3.750000000000000000 ) ) ;
#2837 = CYLINDRICAL_SURFACE ( 'NONE', #1902, 0.5999999999999998668 ) ;
#2838 = DIRECTION ( 'NONE',  ( -1.203706215242022846E-31, -1.000000000000000000, 0.000000000000000000 ) ) ;
#2839 = VERTEX_POINT ( 'NONE', #3455 ) ;
#2840 = AXIS2_PLACEMENT_3D ( 'NONE', #3189, #1817, #2315 ) ;
#2841 = DIRECTION ( 'NONE',  ( -0.000000000000000000, 0.000000000000000000, -1.000000000000000000 ) ) ;
#2842 = CARTESIAN_POINT ( 'NONE',  ( 6.018531076210114778E-33, 0.05000000000000000278, -10.45000000000000107 ) ) ;
#2843 = ORIENTED_EDGE ( 'NONE', *, *, #746, .F. ) ;
#2844 = ADVANCED_FACE ( 'NONE', ( #429 ), #2338, .F. ) ;
#2845 = LINE ( 'NONE', #1210, #814 ) ;
#2846 = ORIENTED_EDGE ( 'NONE', *, *, #412, .T. ) ;
#2847 = SHAPE_DEFINITION_REPRESENTATION ( #2951, #3464 ) ;
#2848 = VERTEX_POINT ( 'NONE', #2030 ) ;
#2849 = LINE ( 'NONE', #2578, #1378 ) ;
#2850 = ORIENTED_EDGE ( 'NONE', *, *, #2987, .T. ) ;
#2851 = VECTOR ( 'NONE', #2684, 1000.000000000000000 ) ;
#2852 = VERTEX_POINT ( 'NONE', #1529 ) ;
#2853 = CARTESIAN_POINT ( 'NONE',  ( 3.700000000000000178, -8.673617379884034486E-16, -4.750000000000002665 ) ) ;
#2854 = DIRECTION ( 'NONE',  ( -1.000000000000000000, 1.203706215242022189E-31, -0.000000000000000000 ) ) ;
#2855 = DIRECTION ( 'NONE',  ( 0.000000000000000000, 0.000000000000000000, 1.000000000000000000 ) ) ;
#2856 = ADVANCED_FACE ( 'NONE', ( #2874 ), #3140, .T. ) ;
#2857 = ORIENTED_EDGE ( 'NONE', *, *, #1287, .T. ) ;
#2858 = LINE ( 'NONE', #3394, #1229 ) ;
#2859 = DIRECTION ( 'NONE',  ( -0.000000000000000000, -1.000000000000000000, -0.000000000000000000 ) ) ;
#2860 = DIRECTION ( 'NONE',  ( -0.000000000000000000, -1.000000000000000000, -0.000000000000000000 ) ) ;
#2861 = ORIENTED_EDGE ( 'NONE', *, *, #1898, .T. ) ;
#2862 = DIRECTION ( 'NONE',  ( 0.000000000000000000, -0.000000000000000000, -1.000000000000000000 ) ) ;
#2863 = ORIENTED_EDGE ( 'NONE', *, *, #611, .F. ) ;
#2864 = ORIENTED_EDGE ( 'NONE', *, *, #3433, .T. ) ;
#2865 = CARTESIAN_POINT ( 'NONE',  ( -3.699999999999999734, 4.470550553572976570E-31, -2.250000000000000444 ) ) ;
#2866 = ORIENTED_EDGE ( 'NONE', *, *, #1124, .F. ) ;
#2867 = VERTEX_POINT ( 'NONE', #118 ) ;
#2868 = DIRECTION ( 'NONE',  ( -0.000000000000000000, -1.000000000000000000, -0.000000000000000000 ) ) ;
#2869 = LINE ( 'NONE', #965, #2948 ) ;
#2870 = FACE_OUTER_BOUND ( 'NONE', #2674, .T. ) ;
#2871 = VERTEX_POINT ( 'NONE', #442 ) ;
#2872 = PLANE ( 'NONE',  #1886 ) ;
#2873 = LINE ( 'NONE', #2337, #2998 ) ;
#2874 = FACE_OUTER_BOUND ( 'NONE', #2931, .T. ) ;
#2875 = CARTESIAN_POINT ( 'NONE',  ( 3.862166607499088578, -8.131516293641283255E-17, -9.553611012498478772 ) ) ;
#2876 = ITEM_DEFINED_TRANSFORMATION ( 'NONE', 'NONE', #3163,  #521 ) ;
#2877 = ORIENTED_EDGE ( 'NONE', *, *, #1740, .T. ) ;
#2878 = CIRCLE ( 'NONE', #1, 0.2000000000000005107 ) ;
#2879 = DIRECTION ( 'NONE',  ( 2.168404344971008079E-15, 0.000000000000000000, 1.000000000000000000 ) ) ;
#2880 = ADVANCED_FACE ( 'NONE', ( #3125 ), #1510, .T. ) ;
#2881 = VERTEX_POINT ( 'NONE', #2006 ) ;
#2882 = AXIS2_PLACEMENT_3D ( 'NONE', #2137, #3231, #768 ) ;
#2883 = DIRECTION ( 'NONE',  ( -1.445602896647339163E-16, -1.000000000000000000, 0.000000000000000000 ) ) ;
#2884 = DIRECTION ( 'NONE',  ( -1.349979358736815487E-16, 2.927301107106087163E-32, -1.000000000000000000 ) ) ;
#2885 = SURFACE_STYLE_USAGE ( .BOTH. , #672 ) ;
#2886 = ORIENTED_EDGE ( 'NONE', *, *, #3152, .F. ) ;
#2887 = AXIS2_PLACEMENT_3D ( 'NONE', #2752, #848, #567 ) ;
#2888 = DIRECTION ( 'NONE',  ( -0.000000000000000000, -1.000000000000000000, -0.000000000000000000 ) ) ;
#2889 = CARTESIAN_POINT ( 'NONE',  ( -3.700000000000000178, 0.05000000000000000278, -3.750000000000000000 ) ) ;
#2890 = VECTOR ( 'NONE', #508, 1000.000000000000000 ) ;
#2891 = PRODUCT ( '(03-772)\X2\0160\X0\O\X2\0152\X0\`\X2\0192201a0192\X0\f\X2\01922039\X0\_4', '(03-772)\X2\0160\X0\O\X2\0152\X0\`\X2\0192201a0192\X0\f\X2\01922039\X0\_4', '', ( #2592 ) ) ;
#2892 = CARTESIAN_POINT ( 'NONE',  ( -4.598598739689005122, 0.2999999999999999889, -2.755341236743007016 ) ) ;
#2893 = CARTESIAN_POINT ( 'NONE',  ( 3.399999999999999467, 0.2999999999999999889, -2.250000000000000444 ) ) ;
#2894 = CONTEXT_DEPENDENT_SHAPE_REPRESENTATION ( #1524, #1216 ) ;
#2895 = ORIENTED_EDGE ( 'NONE', *, *, #3203, .F. ) ;
#2896 = EDGE_CURVE ( 'NONE', #661, #2056, #350, .T. ) ;
#2897 = EDGE_CURVE ( 'NONE', #65, #2356, #645, .T. ) ;
#2898 = DIRECTION ( 'NONE',  ( 0.000000000000000000, 0.000000000000000000, 1.000000000000000000 ) ) ;
#2899 = VERTEX_POINT ( 'NONE', #2283 ) ;
#2900 = DIRECTION ( 'NONE',  ( 1.000000000000000000, 0.000000000000000000, 0.000000000000000000 ) ) ;
#2901 = DIRECTION ( 'NONE',  ( 0.7071067811865474617, 0.000000000000000000, 0.7071067811865474617 ) ) ;
#2902 = ORIENTED_EDGE ( 'NONE', *, *, #2027, .T. ) ;
#2903 = VECTOR ( 'NONE', #368, 1000.000000000000000 ) ;
#2904 = CARTESIAN_POINT ( 'NONE',  ( 4.000000000000004441, 5.999999999999999112, -1.250000000000000000 ) ) ;
#2905 = SURFACE_STYLE_FILL_AREA ( #493 ) ;
#2906 = ADVANCED_FACE ( 'NONE', ( #663 ), #3382, .F. ) ;
#2907 = CARTESIAN_POINT ( 'NONE',  ( 3.700000000000000178, -8.673617379884035472E-16, -4.750000000000002665 ) ) ;
#2908 = DIRECTION ( 'NONE',  ( -1.000000000000000000, 0.000000000000000000, 0.000000000000000000 ) ) ;
#2909 = PRODUCT_CONTEXT ( 'NONE', #1737, 'mechanical' ) ;
#2910 = ORIENTED_EDGE ( 'NONE', *, *, #2402, .T. ) ;
#2911 = EDGE_CURVE ( 'NONE', #2559, #2915, #1730, .T. ) ;
#2912 = EDGE_CURVE ( 'NONE', #3072, #574, #2845, .T. ) ;
#2913 = DIRECTION ( 'NONE',  ( 0.000000000000000000, 0.000000000000000000, 1.000000000000000000 ) ) ;
#2914 = FACE_OUTER_BOUND ( 'NONE', #3426, .T. ) ;
#2915 = VERTEX_POINT ( 'NONE', #374 ) ;
#2916 = LINE ( 'NONE', #1800, #2758 ) ;
#2917 = DIRECTION ( 'NONE',  ( 0.000000000000000000, 0.000000000000000000, -1.000000000000000000 ) ) ;
#2918 = CARTESIAN_POINT ( 'NONE',  ( -5.099999999999999645, 0.2999999999999999889, -2.649999999999999467 ) ) ;
#2919 = ORIENTED_EDGE ( 'NONE', *, *, #2467, .T. ) ;
#2920 = EDGE_CURVE ( 'NONE', #1397, #1039, #2245, .T. ) ;
#2921 = DIRECTION ( 'NONE',  ( -1.000000000000000000, 1.203706215242022846E-31, 0.000000000000000000 ) ) ;
#2922 = VECTOR ( 'NONE', #1642, 1000.000000000000000 ) ;
#2923 = CARTESIAN_POINT ( 'NONE',  ( 0.000000000000000000, 0.000000000000000000, 0.000000000000000000 ) ) ;
#2924 = CARTESIAN_POINT ( 'NONE',  ( 2.900000000000000355, 0.2000000000000000111, -10.45000000000000107 ) ) ;
#2925 = EDGE_CURVE ( 'NONE', #1797, #3305, #3156, .T. ) ;
#2926 =( BOUNDED_CURVE ( )  B_SPLINE_CURVE ( 3, ( #3200, #483, #1517, #752 ),
 .UNSPECIFIED., .F., .F. ) 
 B_SPLINE_CURVE_WITH_KNOTS ( ( 4, 4 ),
 ( 0.000000000000000000, 1.000000000000000000 ),
 .UNSPECIFIED. ) 
 CURVE ( )  GEOMETRIC_REPRESENTATION_ITEM ( )  RATIONAL_B_SPLINE_CURVE ( ( 1.000000000000000000, 0.3333333333333333703, 0.3333333333333333703, 1.000000000000000000 ) ) 
 REPRESENTATION_ITEM ( '' )  );
#2927 = ORIENTED_EDGE ( 'NONE', *, *, #3487, .T. ) ;
#2928 = DIRECTION ( 'NONE',  ( 0.000000000000000000, -0.000000000000000000, -1.000000000000000000 ) ) ;
#2929 = ORIENTED_EDGE ( 'NONE', *, *, #92, .T. ) ;
#2930 = CARTESIAN_POINT ( 'NONE',  ( -2.900000000000000355, 5.537048590113305705E-31, -9.050000000000000711 ) ) ;
#2931 = EDGE_LOOP ( 'NONE', ( #1029, #790, #2576, #1711, #3491, #2499, #3384, #1518 ) ) ;
#2932 = VECTOR ( 'NONE', #851, 1000.000000000000000 ) ;
#2933 = LINE ( 'NONE', #1850, #1560 ) ;
#2934 = DIRECTION ( 'NONE',  ( -1.203706215242022408E-31, -1.000000000000000000, 0.000000000000000000 ) ) ;
#2935 = ORIENTED_EDGE ( 'NONE', *, *, #2920, .F. ) ;
#2936 = EDGE_CURVE ( 'NONE', #79, #81, #1807, .T. ) ;
#2937 = VECTOR ( 'NONE', #798, 1000.000000000000000 ) ;
#2938 = VECTOR ( 'NONE', #2096, 1000.000000000000000 ) ;
#2939 = EDGE_CURVE ( 'NONE', #3072, #2356, #1460, .T. ) ;
#2940 = CARTESIAN_POINT ( 'NONE',  ( -3.900000000000000355, 0.2000000000000000111, -9.750000000000000000 ) ) ;
#2941 = DIRECTION ( 'NONE',  ( -2.168404344971008868E-16, -1.000000000000000000, 0.000000000000000000 ) ) ;
#2942 = VECTOR ( 'NONE', #2913, 1000.000000000000000 ) ;
#2943 = PRODUCT_DEFINITION ( 'UNKNOWN', '', #2794, #652 ) ;
#2944 = DIRECTION ( 'NONE',  ( 0.000000000000000000, 0.000000000000000000, -1.000000000000000000 ) ) ;
#2945 = CARTESIAN_POINT ( 'NONE',  ( 0.000000000000000000, 2.999999999999999556, -11.30000000000000071 ) ) ;
#2946 = ADVANCED_FACE ( 'NONE', ( #928 ), #1241, .F. ) ;
#2947 = ORIENTED_EDGE ( 'NONE', *, *, #3540, .F. ) ;
#2948 = VECTOR ( 'NONE', #404, 1000.000000000000000 ) ;
#2949 = CARTESIAN_POINT ( 'NONE',  ( 2.900000000000000355, 0.000000000000000000, -10.45000000000000107 ) ) ;
#2950 = ORIENTED_EDGE ( 'NONE', *, *, #2507, .F. ) ;
#2951 = PRODUCT_DEFINITION_SHAPE ( 'NONE', 'NONE',  #339 ) ;
#2952 = CARTESIAN_POINT ( 'NONE',  ( 3.700000000000001954, -8.673617379884035472E-16, -4.750000000000001776 ) ) ;
#2953 = CARTESIAN_POINT ( 'NONE',  ( 4.649999999999999467, 0.2999999999999999889, -3.000000000000000000 ) ) ;
#2954 = PRODUCT_DEFINITION_CONTEXT ( 'detailed design', #2181, 'design' ) ;
#2955 = LINE ( 'NONE', #2178, #2032 ) ;
#2956 = DIRECTION ( 'NONE',  ( 1.000000000000000000, -0.000000000000000000, 0.000000000000000000 ) ) ;
#2957 = VERTEX_POINT ( 'NONE', #3400 ) ;
#2958 = ADVANCED_FACE ( 'NONE', ( #2078 ), #138, .F. ) ;
#2959 = SURFACE_STYLE_USAGE ( .BOTH. , #3257 ) ;
#2960 = FACE_OUTER_BOUND ( 'NONE', #224, .T. ) ;
#2961 = VECTOR ( 'NONE', #1619, 1000.000000000000000 ) ;
#2962 = LINE ( 'NONE', #242, #2829 ) ;
#2963 = FACE_OUTER_BOUND ( 'NONE', #2564, .T. ) ;
#2964 = VERTEX_POINT ( 'NONE', #992 ) ;
#2965 = VECTOR ( 'NONE', #2339, 1000.000000000000000 ) ;
#2966 = LINE ( 'NONE', #1283, #1960 ) ;
#2967 = ORIENTED_EDGE ( 'NONE', *, *, #1914, .T. ) ;
#2968 = EDGE_LOOP ( 'NONE', ( #945, #2748 ) ) ;
#2969 = DIRECTION ( 'NONE',  ( 0.000000000000000000, 0.000000000000000000, -1.000000000000000000 ) ) ;
#2970 = DIRECTION ( 'NONE',  ( 0.9819449375075969266, -0.000000000000000000, 0.1891669625045597769 ) ) ;
#2971 = FACE_OUTER_BOUND ( 'NONE', #1462, .T. ) ;
#2972 = ORIENTED_EDGE ( 'NONE', *, *, #533, .T. ) ;
#2973 = CARTESIAN_POINT ( 'NONE',  ( 3.400000000000000799, 4.200000000000000178, -12.19999999999999929 ) ) ;
#2974 =( LENGTH_UNIT ( ) NAMED_UNIT ( * ) SI_UNIT ( .MILLI., .METRE. ) );
#2975 = CARTESIAN_POINT ( 'NONE',  ( -3.399999999999999467, 0.05000000000000000278, -2.250000000000000444 ) ) ;
#2976 = VECTOR ( 'NONE', #2154, 1000.000000000000000 ) ;
#2977 = PLANE ( 'NONE',  #178 ) ;
#2978 = DIRECTION ( 'NONE',  ( -0.000000000000000000, 1.000000000000000000, 0.000000000000000000 ) ) ;
#2979 = ORIENTED_EDGE ( 'NONE', *, *, #1022, .T. ) ;
#2980 = DIRECTION ( 'NONE',  ( 0.000000000000000000, 0.000000000000000000, 1.000000000000000000 ) ) ;
#2981 = ORIENTED_EDGE ( 'NONE', *, *, #2780, .F. ) ;
#2982 = CARTESIAN_POINT ( 'NONE',  ( -2.900000000000000355, 0.2000000000000000111, -9.050000000000000711 ) ) ;
#2983 = LINE ( 'NONE', #1570, #3050 ) ;
#2984 = CARTESIAN_POINT ( 'NONE',  ( 7.347880794025379806E-17, -0.9999999999999993339, -2.599999999929878847 ) ) ;
#2985 = LINE ( 'NONE', #1685, #2545 ) ;
#2986 = EDGE_LOOP ( 'NONE', ( #2754, #632, #1729, #1665, #3296, #3328, #1272, #228, #684, #949, #3245, #1364, #1979, #2151, #2195, #1738, #2636, #2967, #833, #1487, #1129 ) ) ;
#2987 = EDGE_CURVE ( 'NONE', #2208, #2065, #539, .T. ) ;
#2988 = VECTOR ( 'NONE', #1892, 1000.000000000000000 ) ;
#2989 = MECHANICAL_DESIGN_GEOMETRIC_PRESENTATION_REPRESENTATION (  '', ( #53 ), #971 ) ;
#2990 = LINE ( 'NONE', #2494, #345 ) ;
#2991 = LINE ( 'NONE', #2107, #2309 ) ;
#2992 = COLOUR_RGB ( '',1.000000000000000000, 1.000000000000000000, 0.000000000000000000 ) ;
#2993 = VECTOR ( 'NONE', #2672, 1000.000000000000000 ) ;
#2994 = CARTESIAN_POINT ( 'NONE',  ( 0.000000000000000000, 0.000000000000000000, -1.250000000000000000 ) ) ;
#2995 = DIRECTION ( 'NONE',  ( -1.000000000000000000, 0.000000000000000000, -0.000000000000000000 ) ) ;
#2996 = VECTOR ( 'NONE', #1794, 1000.000000000000000 ) ;
#2997 = ORIENTED_EDGE ( 'NONE', *, *, #3259, .F. ) ;
#2998 = VECTOR ( 'NONE', #152, 1000.000000000000000 ) ;
#2999 = CARTESIAN_POINT ( 'NONE',  ( 3.700000000000000178, 0.05000000000000000278, -4.750000000000002665 ) ) ;
#3000 = VERTEX_POINT ( 'NONE', #1896 ) ;
#3001 = CARTESIAN_POINT ( 'NONE',  ( 0.000000000000000000, 2.999999999999999556, 2.700000000004365575 ) ) ;
#3002 = CARTESIAN_POINT ( 'NONE',  ( 0.000000000000000000, 0.000000000000000000, 0.000000000000000000 ) ) ;
#3003 = EDGE_CURVE ( 'NONE', #834, #120, #3495, .T. ) ;
#3004 = ORIENTED_EDGE ( 'NONE', *, *, #533, .F. ) ;
#3005 = CIRCLE ( 'NONE', #306, 0.5999999999999998668 ) ;
#3006 = DIRECTION ( 'NONE',  ( 0.000000000000000000, 0.000000000000000000, -1.000000000000000000 ) ) ;
#3007 = CARTESIAN_POINT ( 'NONE',  ( 2.900000000000000355, 0.2000000000000000111, -10.45000000000000107 ) ) ;
#3008 = DIRECTION ( 'NONE',  ( -0.000000000000000000, -0.000000000000000000, 1.000000000000000000 ) ) ;
#3009 = ORIENTED_EDGE ( 'NONE', *, *, #1143, .T. ) ;
#3010 = DIRECTION ( 'NONE',  ( -1.000000000000000000, 0.000000000000000000, -0.000000000000000000 ) ) ;
#3011 = PRESENTATION_STYLE_ASSIGNMENT (( #2959 ) ) ;
#3012 = LINE ( 'NONE', #1095, #3329 ) ;
#3013 = DIRECTION ( 'NONE',  ( 0.000000000000000000, 1.000000000000000000, 0.000000000000000000 ) ) ;
#3014 = DIRECTION ( 'NONE',  ( -0.000000000000000000, -0.000000000000000000, 1.000000000000000000 ) ) ;
#3015 = EDGE_LOOP ( 'NONE', ( #1476, #1848, #603, #3199 ) ) ;
#3016 = AXIS2_PLACEMENT_3D ( 'NONE', #436, #2091, #1320 ) ;
#3017 = EDGE_CURVE ( 'NONE', #1147, #1923, #1062, .T. ) ;
#3018 = DIRECTION ( 'NONE',  ( -0.000000000000000000, 0.000000000000000000, 1.000000000000000000 ) ) ;
#3019 = EDGE_LOOP ( 'NONE', ( #1645, #3052, #3234, #400 ) ) ;
#3020 = CARTESIAN_POINT ( 'NONE',  ( 3.400000000000000355, 0.05000000000000000278, -10.45000000000000107 ) ) ;
#3021 = DIRECTION ( 'NONE',  ( 1.000000000000000000, 0.000000000000000000, 0.000000000000000000 ) ) ;
#3022 = EDGE_LOOP ( 'NONE', ( #1195, #747, #2846, #596 ) ) ;
#3023 = EDGE_CURVE ( 'NONE', #1260, #630, #3261, .T. ) ;
#3024 = ADVANCED_FACE ( 'NONE', ( #2110 ), #2727, .T. ) ;
#3025 = DIRECTION ( 'NONE',  ( 0.000000000000000000, 0.000000000000000000, 1.000000000000000000 ) ) ;
#3026 = FACE_OUTER_BOUND ( 'NONE', #334, .T. ) ;
#3027 = ORIENTED_EDGE ( 'NONE', *, *, #251, .T. ) ;
#3028 = ORIENTED_EDGE ( 'NONE', *, *, #3312, .T. ) ;
#3029 = LINE ( 'NONE', #583, #2185 ) ;
#3030 = CARTESIAN_POINT ( 'NONE',  ( -4.400000000000000355, 0.2000000000000000111, -9.050000000000000711 ) ) ;
#3031 = EDGE_CURVE ( 'NONE', #3214, #2374, #783, .T. ) ;
#3032 = CARTESIAN_POINT ( 'NONE',  ( 0.000000000000000000, 0.000000000000000000, -1.250000000000000000 ) ) ;
#3033 = CARTESIAN_POINT ( 'NONE',  ( 0.000000000000000000, 2.999999999999999556, -11.30000000000000071 ) ) ;
#3034 = ORIENTED_EDGE ( 'NONE', *, *, #1016, .F. ) ;
#3035 = LINE ( 'NONE', #1680, #1843 ) ;
#3036 = EDGE_LOOP ( 'NONE', ( #2363, #2646, #880, #117 ) ) ;
#3037 =( NAMED_UNIT ( * ) SI_UNIT ( $, .STERADIAN. ) SOLID_ANGLE_UNIT ( ) );
#3038 = ORIENTED_EDGE ( 'NONE', *, *, #3139, .F. ) ;
#3039 = MECHANICAL_DESIGN_GEOMETRIC_PRESENTATION_REPRESENTATION (  '', ( #1135 ), #3389 ) ;
#3040 = CARTESIAN_POINT ( 'NONE',  ( -0.7500000000000001110, 0.000000000000000000, -13.29999999999999893 ) ) ;
#3041 = LINE ( 'NONE', #1945, #2136 ) ;
#3042 = ORIENTED_EDGE ( 'NONE', *, *, #171, .T. ) ;
#3043 = DIRECTION ( 'NONE',  ( -2.168404344971008868E-16, -1.000000000000000000, -0.000000000000000000 ) ) ;
#3044 = EDGE_LOOP ( 'NONE', ( #2623, #453, #2502, #891 ) ) ;
#3045 = VECTOR ( 'NONE', #2204, 1000.000000000000000 ) ;
#3046 = EDGE_CURVE ( 'NONE', #2852, #1299, #2962, .T. ) ;
#3047 = ADVANCED_FACE ( 'NONE', ( #1330 ), #513, .F. ) ;
#3048 = DIRECTION ( 'NONE',  ( 0.000000000000000000, -1.000000000000000000, -0.000000000000000000 ) ) ;
#3049 = ORIENTED_EDGE ( 'NONE', *, *, #3113, .F. ) ;
#3050 = VECTOR ( 'NONE', #3550, 1000.000000000000000 ) ;
#3051 = LINE ( 'NONE', #317, #2365 ) ;
#3052 = ORIENTED_EDGE ( 'NONE', *, *, #1014, .F. ) ;
#3053 = ADVANCED_FACE ( 'NONE', ( #1618 ), #1044, .F. ) ;
#3054 = CARTESIAN_POINT ( 'NONE',  ( 0.000000000000000000, 0.000000000000000000, 0.000000000000000000 ) ) ;
#3055 = ORIENTED_EDGE ( 'NONE', *, *, #1644, .T. ) ;
#3056 = VECTOR ( 'NONE', #272, 1000.000000000000000 ) ;
#3057 = CYLINDRICAL_SURFACE ( 'NONE', #986, 0.2000000000000005107 ) ;
#3058 = LINE ( 'NONE', #2491, #3527 ) ;
#3059 = ORIENTED_EDGE ( 'NONE', *, *, #2613, .T. ) ;
#3060 = AXIS2_PLACEMENT_3D ( 'NONE', #1153, #3340, #2798 ) ;
#3061 = VERTEX_POINT ( 'NONE', #1595 ) ;
#3062 = DIRECTION ( 'NONE',  ( -1.000000000000000000, 8.673617379884034486E-16, 0.000000000000000000 ) ) ;
#3063 = CARTESIAN_POINT ( 'NONE',  ( 3.700000000000000178, 0.05000000000000000278, -2.250000000000000444 ) ) ;
#3064 = CARTESIAN_POINT ( 'NONE',  ( -3.399999999999999467, 0.2999999999999999889, -3.750000000000000000 ) ) ;
#3065 = ORIENTED_EDGE ( 'NONE', *, *, #2054, .T. ) ;
#3066 = ADVANCED_FACE ( 'NONE', ( #1841 ), #2977, .T. ) ;
#3067 = EDGE_CURVE ( 'NONE', #2732, #3532, #477, .T. ) ;
#3068 = CARTESIAN_POINT ( 'NONE',  ( 4.649999999999999467, 0.000000000000000000, -3.000000000000000000 ) ) ;
#3069 = DIRECTION ( 'NONE',  ( -1.000000000000000000, 0.000000000000000000, 0.000000000000000000 ) ) ;
#3070 = ORIENTED_EDGE ( 'NONE', *, *, #3541, .F. ) ;
#3071 = CARTESIAN_POINT ( 'NONE',  ( 1.800000000002910383, 2.999999999999999556, 2.499999999997726263 ) ) ;
#3072 = VERTEX_POINT ( 'NONE', #189 ) ;
#3073 = CARTESIAN_POINT ( 'NONE',  ( 0.000000000000000000, 0.000000000000000000, 0.000000000000000000 ) ) ;
#3074 = ORIENTED_EDGE ( 'NONE', *, *, #2783, .T. ) ;
#3075 = EDGE_CURVE ( 'NONE', #3061, #3000, #2425, .T. ) ;
#3076 = CARTESIAN_POINT ( 'NONE',  ( -4.649999999999999467, 0.000000000000000000, -3.750000000000000000 ) ) ;
#3077 = VECTOR ( 'NONE', #1079, 1000.000000000000000 ) ;
#3078 = ORIENTED_EDGE ( 'NONE', *, *, #1757, .F. ) ;
#3079 = VERTEX_POINT ( 'NONE', #2445 ) ;
#3080 = CLOSED_SHELL ( 'NONE', ( #1232, #1097, #1972, #3479, #143, #2045, #3201, #990, #1345, #3178, #3053, #3334, #1078, #360, #779, #1540, #486, #830, #2755, #1396, #2880, #261, #778, #1158, #2313, #3066, #229, #3418, #2856, #3024, #1004, #515, #2572, #1157, #2327, #102, #913, #2115, #3093, #357, #1813, #2844, #3145, #3498, #1515, #657, #530, #1653, #1101, #1739, #1879, #2771, #1145, #2193, #1115, #2355, #2958, #614, #1514, #86, #1109 ) ) ;
#3081 = CARTESIAN_POINT ( 'NONE',  ( -2.900000000000000355, 0.05000000000000000278, -9.050000000000000711 ) ) ;
#3082 = CARTESIAN_POINT ( 'NONE',  ( -5.099999999999999645, 0.000000000000000000, -2.649999999999999467 ) ) ;
#3083 = CARTESIAN_POINT ( 'NONE',  ( -2.900000000000000355, 0.2000000000000000111, -9.050000000000000711 ) ) ;
#3084 = EDGE_LOOP ( 'NONE', ( #3009, #2579, #2067, #580 ) ) ;
#3085 = PLANE ( 'NONE',  #424 ) ;
#3086 = CARTESIAN_POINT ( 'NONE',  ( 5.100000000000000533, 0.2999999999999999889, -3.349999999999999645 ) ) ;
#3087 = DIRECTION ( 'NONE',  ( 1.000000000000000000, -2.168404344971008868E-16, -0.000000000000000000 ) ) ;
#3088 = MANIFOLD_SOLID_BREP ( 'アングル1', #1871 ) ;
#3089 = ORIENTED_EDGE ( 'NONE', *, *, #2289, .F. ) ;
#3090 = LINE ( 'NONE', #2224, #2539 ) ;
#3091 = VERTEX_POINT ( 'NONE', #270 ) ;
#3092 = EDGE_LOOP ( 'NONE', ( #3428, #1291, #2555, #1126 ) ) ;
#3093 = ADVANCED_FACE ( 'NONE', ( #1352 ), #1279, .T. ) ;
#3094 = LINE ( 'NONE', #3311, #2258 ) ;
#3095 = AXIS2_PLACEMENT_3D ( 'NONE', #3001, #2487, #3378 ) ;
#3096 = ORIENTED_EDGE ( 'NONE', *, *, #262, .F. ) ;
#3097 = VERTEX_POINT ( 'NONE', #2718 ) ;
#3098 = EDGE_CURVE ( 'NONE', #1734, #2530, #2983, .T. ) ;
#3099 = PLANE ( 'NONE',  #1085 ) ;
#3100 = CARTESIAN_POINT ( 'NONE',  ( 0.000000000000000000, -1.199999999999999956, -2.000000000000000000 ) ) ;
#3101 = DIRECTION ( 'NONE',  ( -2.168404344971008868E-16, -1.000000000000000000, 0.000000000000000000 ) ) ;
#3102 = DIRECTION ( 'NONE',  ( 0.000000000000000000, 0.000000000000000000, -1.000000000000000000 ) ) ;
#3103 = CARTESIAN_POINT ( 'NONE',  ( 0.000000000000000000, 0.000000000000000000, -8.300000000000000711 ) ) ;
#3104 = CARTESIAN_POINT ( 'NONE',  ( 3.399999999999999467, 0.05000000000000000278, -2.250000000000000444 ) ) ;
#3105 = EDGE_LOOP ( 'NONE', ( #1336, #2391, #2608, #2486, #1046, #1209, #2466, #1430 ) ) ;
#3106 = VECTOR ( 'NONE', #2868, 1000.000000000000000 ) ;
#3107 = DIRECTION ( 'NONE',  ( 1.000000000000000000, 0.000000000000000000, 0.000000000000000000 ) ) ;
#3108 = EDGE_LOOP ( 'NONE', ( #2935, #1171 ) ) ;
#3109 = ORIENTED_EDGE ( 'NONE', *, *, #854, .F. ) ;
#3110 = AXIS2_PLACEMENT_3D ( 'NONE', #147, #423, #2346 ) ;
#3111 = VECTOR ( 'NONE', #80, 1000.000000000000000 ) ;
#3112 = CARTESIAN_POINT ( 'NONE',  ( 4.598598739689005122, 0.2999999999999999889, -2.755341236743007016 ) ) ;
#3113 = EDGE_CURVE ( 'NONE', #2899, #3238, #1866, .T. ) ;
#3114 = AXIS2_PLACEMENT_3D ( 'NONE', #1463, #445, #2376 ) ;
#3115 = ORIENTED_EDGE ( 'NONE', *, *, #1703, .F. ) ;
#3116 = AXIS2_PLACEMENT_3D ( 'NONE', #27, #3048, #2515 ) ;
#3117 = VERTEX_POINT ( 'NONE', #791 ) ;
#3118 = CARTESIAN_POINT ( 'NONE',  ( 3.399999999999999467, 0.2999999999999999889, -3.000000000000000000 ) ) ;
#3119 = DIRECTION ( 'NONE',  ( 0.000000000000000000, 1.000000000000000000, 0.000000000000000000 ) ) ;
#3120 = VECTOR ( 'NONE', #2122, 1000.000000000000000 ) ;
#3121 = CARTESIAN_POINT ( 'NONE',  ( -3.999999999999999112, 8.673617379884035472E-16, -4.750000000000000888 ) ) ;
#3122 = CARTESIAN_POINT ( 'NONE',  ( 2.800000000000000266, 2.999999999999999556, 2.500000000000000000 ) ) ;
#3123 = DIRECTION ( 'NONE',  ( -0.2056050412439790753, 0.000000000000000000, 0.9786350530279720461 ) ) ;
#3124 = ORIENTED_EDGE ( 'NONE', *, *, #1492, .F. ) ;
#3125 = FACE_OUTER_BOUND ( 'NONE', #351, .T. ) ;
#3126 = ORIENTED_EDGE ( 'NONE', *, *, #1369, .T. ) ;
#3127 = ORIENTED_EDGE ( 'NONE', *, *, #1128, .T. ) ;
#3128 = LINE ( 'NONE', #418, #3170 ) ;
#3129 = VERTEX_POINT ( 'NONE', #1608 ) ;
#3130 = EDGE_CURVE ( 'NONE', #1200, #809, #2177, .T. ) ;
#3131 = ORIENTED_EDGE ( 'NONE', *, *, #3401, .T. ) ;
#3132 = LINE ( 'NONE', #366, #2641 ) ;
#3133 = PLANE ( 'NONE',  #2375 ) ;
#3134 = CARTESIAN_POINT ( 'NONE',  ( 2.900000000000000355, 0.05000000000000000278, -10.45000000000000107 ) ) ;
#3135 = ORIENTED_EDGE ( 'NONE', *, *, #2444, .F. ) ;
#3136 = VECTOR ( 'NONE', #2606, 1000.000000000000000 ) ;
#3137 = DIRECTION ( 'NONE',  ( 0.000000000000000000, -0.000000000000000000, 1.000000000000000000 ) ) ;
#3138 = CARTESIAN_POINT ( 'NONE',  ( -3.862166607499088133, -6.776263578034402713E-18, -9.946388987501519452 ) ) ;
#3139 = EDGE_CURVE ( 'NONE', #2272, #2329, #2161, .T. ) ;
#3140 = PLANE ( 'NONE',  #3468 ) ;
#3141 = CARTESIAN_POINT ( 'NONE',  ( 4.649999999999999467, 0.2999999999999999889, -2.250000000000000888 ) ) ;
#3142 = DIRECTION ( 'NONE',  ( 1.000000000000000000, 0.000000000000000000, 0.000000000000000000 ) ) ;
#3143 = ORIENTED_EDGE ( 'NONE', *, *, #217, .T. ) ;
#3144 = LINE ( 'NONE', #683, #1437 ) ;
#3145 = ADVANCED_FACE ( 'NONE', ( #1338 ), #566, .F. ) ;
#3146 = ORIENTED_EDGE ( 'NONE', *, *, #3098, .F. ) ;
#3147 = CIRCLE ( 'NONE', #2749, 0.2000000000000000944 ) ;
#3148 = DIRECTION ( 'NONE',  ( 1.000000000000000000, 0.000000000000000000, 0.000000000000000000 ) ) ;
#3149 = DIRECTION ( 'NONE',  ( 1.000000000000000000, 0.000000000000000000, 0.000000000000000000 ) ) ;
#3150 = CARTESIAN_POINT ( 'NONE',  ( -3.399999999999998579, 8.673617379884035472E-16, -5.775000000000000355 ) ) ;
#3151 = ORIENTED_EDGE ( 'NONE', *, *, #439, .T. ) ;
#3152 = EDGE_CURVE ( 'NONE', #2899, #1923, #1087, .T. ) ;
#3153 = DIRECTION ( 'NONE',  ( 0.000000000000000000, 0.000000000000000000, 1.000000000000000000 ) ) ;
#3154 = CARTESIAN_POINT ( 'NONE',  ( -2.800000000000000266, 3.000000000000000000, 2.700000000000000178 ) ) ;
#3155 = ADVANCED_FACE ( 'NONE', ( #2198 ), #3294, .F. ) ;
#3156 = LINE ( 'NONE', #2892, #8 ) ;
#3157 = DIRECTION ( 'NONE',  ( 0.000000000000000000, -1.000000000000000000, -0.000000000000000000 ) ) ;
#3158 = APPLICATION_PROTOCOL_DEFINITION ( 'draft international standard', 'automotive_design', 1998, #2181 ) ;
#3159 = VECTOR ( 'NONE', #1187, 1000.000000000000000 ) ;
#3160 = ORIENTED_EDGE ( 'NONE', *, *, #3525, .T. ) ;
#3161 = AXIS2_PLACEMENT_3D ( 'NONE', #1760, #1149, #2252 ) ;
#3162 = VECTOR ( 'NONE', #2776, 1000.000000000000000 ) ;
#3163 = AXIS2_PLACEMENT_3D ( 'NONE', #3054, #594, #1682 ) ;
#3164 = CARTESIAN_POINT ( 'NONE',  ( -3.999999999999998224, 6.000000000000000888, -5.774999999999999467 ) ) ;
#3165 = EDGE_LOOP ( 'NONE', ( #1956, #577, #3059, #1715, #3424, #1262, #2822, #437 ) ) ;
#3166 = VECTOR ( 'NONE', #1855, 1000.000000000000114 ) ;
#3167 = VECTOR ( 'NONE', #2573, 1000.000000000000000 ) ;
#3168 = APPLICATION_CONTEXT ( 'automotive_design' ) ;
#3169 = ADVANCED_BREP_SHAPE_REPRESENTATION ( '', ( #609, #521 ), #2242 ) ;
#3170 = VECTOR ( 'NONE', #1502, 1000.000000000000000 ) ;
#3171 =( LENGTH_UNIT ( ) NAMED_UNIT ( * ) SI_UNIT ( .MILLI., .METRE. ) );
#3172 = FACE_OUTER_BOUND ( 'NONE', #3432, .T. ) ;
#3173 = LINE ( 'NONE', #1253, #2563 ) ;
#3174 = VERTEX_POINT ( 'NONE', #2120 ) ;
#3175 = AXIS2_PLACEMENT_3D ( 'NONE', #1403, #605, #3341 ) ;
#3176 = LINE ( 'NONE', #1747, #736 ) ;
#3177 = CARTESIAN_POINT ( 'NONE',  ( -3.999999999999996447, 9.629649721936179265E-31, -9.050000000000000711 ) ) ;
#3178 = ADVANCED_FACE ( 'NONE', ( #211 ), #2452, .T. ) ;
#3179 = EDGE_CURVE ( 'NONE', #1797, #2899, #1646, .T. ) ;
#3180 = AXIS2_PLACEMENT_3D ( 'NONE', #1327, #2632, #2443 ) ;
#3181 = CARTESIAN_POINT ( 'NONE',  ( 2.900000000000000355, 0.05000000000000000278, -10.45000000000000107 ) ) ;
#3182 = CARTESIAN_POINT ( 'NONE',  ( 5.099999999999999645, 0.2999999999999999889, -2.250000000000000888 ) ) ;
#3183 = EDGE_LOOP ( 'NONE', ( #2526, #372, #2696, #1535 ) ) ;
#3184 = PLANE ( 'NONE',  #3114 ) ;
#3185 = CARTESIAN_POINT ( 'NONE',  ( -3.399999999999999023, 4.200000000000000178, -11.39999999999999858 ) ) ;
#3186 = VERTEX_POINT ( 'NONE', #3503 ) ;
#3187 = EDGE_CURVE ( 'NONE', #562, #79, #2878, .T. ) ;
#3188 = ADVANCED_FACE ( 'NONE', ( #1849 ), #811, .F. ) ;
#3189 = CARTESIAN_POINT ( 'NONE',  ( 0.000000000000000000, 0.000000000000000000, -12.84999999999999787 ) ) ;
#3190 = CARTESIAN_POINT ( 'NONE',  ( -2.900000000000000355, 0.2000000000000000111, -10.45000000000000107 ) ) ;
#3191 = EDGE_LOOP ( 'NONE', ( #1721, #2929, #3383, #2255, #805, #1686, #2382, #255 ) ) ;
#3192 = VECTOR ( 'NONE', #1558, 1000.000000000000000 ) ;
#3193 = DIRECTION ( 'NONE',  ( 0.000000000000000000, 1.000000000000000000, 0.000000000000000000 ) ) ;
#3194 = SURFACE_STYLE_USAGE ( .BOTH. , #2094 ) ;
#3195 = DIRECTION ( 'NONE',  ( -0.000000000000000000, -1.000000000000000000, -0.000000000000000000 ) ) ;
#3196 = CARTESIAN_POINT ( 'NONE',  ( 0.7500000000000000000, 0.000000000000000000, -13.29999999999999893 ) ) ;
#3197 = ORIENTED_EDGE ( 'NONE', *, *, #1606, .T. ) ;
#3198 = LINE ( 'NONE', #1533, #467 ) ;
#3199 = ORIENTED_EDGE ( 'NONE', *, *, #373, .F. ) ;
#3200 = CARTESIAN_POINT ( 'NONE',  ( 2.800000000000000266, 2.999999999999999556, 2.700000000000000178 ) ) ;
#3201 = ADVANCED_FACE ( 'NONE', ( #504 ), #2012, .F. ) ;
#3202 = ORIENTED_EDGE ( 'NONE', *, *, #1820, .T. ) ;
#3203 = EDGE_CURVE ( 'NONE', #1484, #878, #1318, .T. ) ;
#3204 = DIRECTION ( 'NONE',  ( 1.000000000000000000, 0.000000000000000000, 0.000000000000000000 ) ) ;
#3205 = FACE_OUTER_BOUND ( 'NONE', #849, .T. ) ;
#3206 = VERTEX_POINT ( 'NONE', #3235 ) ;
#3207 = ADVANCED_FACE ( 'NONE', ( #2735 ), #772, .F. ) ;
#3208 = CYLINDRICAL_SURFACE ( 'NONE', #1163, 3.000000000000000444 ) ;
#3209 = AXIS2_PLACEMENT_3D ( 'NONE', #1812, #1727, #889 ) ;
#3210 = DIRECTION ( 'NONE',  ( -1.000000000000000000, 0.000000000000000000, -0.000000000000000000 ) ) ;
#3211 = DIRECTION ( 'NONE',  ( 1.000000000000000000, 0.000000000000000000, -0.000000000000000000 ) ) ;
#3212 = ORIENTED_EDGE ( 'NONE', *, *, #1033, .F. ) ;
#3213 = DIRECTION ( 'NONE',  ( -1.000000000000000000, 0.000000000000000000, 0.000000000000000000 ) ) ;
#3214 = VERTEX_POINT ( 'NONE', #3318 ) ;
#3215 = DIRECTION ( 'NONE',  ( 1.000000000000000000, 0.000000000000000000, -0.000000000000000000 ) ) ;
#3216 = VECTOR ( 'NONE', #1628, 1000.000000000000000 ) ;
#3217 = ORIENTED_EDGE ( 'NONE', *, *, #2021, .T. ) ;
#3218 = CARTESIAN_POINT ( 'NONE',  ( 4.000000000000000000, 0.000000000000000000, -1.250000000000000000 ) ) ;
#3219 = DIRECTION ( 'NONE',  ( -0.000000000000000000, 1.000000000000000000, 0.000000000000000000 ) ) ;
#3220 = LINE ( 'NONE', #2702, #1627 ) ;
#3221 = ORIENTED_EDGE ( 'NONE', *, *, #1992, .T. ) ;
#3222 = VECTOR ( 'NONE', #837, 1000.000000000000000 ) ;
#3223 = AXIS2_PLACEMENT_3D ( 'NONE', #3439, #909, #413 ) ;
#3224 = DIRECTION ( 'NONE',  ( -1.000000000000000000, -0.000000000000000000, -0.000000000000000000 ) ) ;
#3225 = DIRECTION ( 'NONE',  ( 0.000000000000000000, 0.000000000000000000, 1.000000000000000000 ) ) ;
#3226 = SURFACE_SIDE_STYLE ('',( #1577 ) ) ;
#3227 = CARTESIAN_POINT ( 'NONE',  ( 4.000000000000000000, -8.673617379884035472E-16, -5.775000000000001243 ) ) ;
#3228 = VECTOR ( 'NONE', #604, 1000.000000000000000 ) ;
#3229 = ORIENTED_EDGE ( 'NONE', *, *, #3067, .T. ) ;
#3230 = CIRCLE ( 'NONE', #650, 3.000000000000000444 ) ;
#3231 = DIRECTION ( 'NONE',  ( 0.000000000000000000, 0.000000000000000000, 1.000000000000000000 ) ) ;
#3232 = EDGE_LOOP ( 'NONE', ( #1538, #1996, #1791, #994, #668, #860, #2008, #1745 ) ) ;
#3233 = LINE ( 'NONE', #175, #2976 ) ;
#3234 = ORIENTED_EDGE ( 'NONE', *, *, #3284, .T. ) ;
#3235 = CARTESIAN_POINT ( 'NONE',  ( -3.399999999999999467, 0.05000000000000000278, -2.250000000000000444 ) ) ;
#3236 = CARTESIAN_POINT ( 'NONE',  ( 3.400000000000000355, -8.929829603930683606E-32, -10.45000000000000107 ) ) ;
#3237 = CARTESIAN_POINT ( 'NONE',  ( -0.7500000000000000000, 0.3499999999999999778, -12.84999999999999787 ) ) ;
#3238 = VERTEX_POINT ( 'NONE', #2442 ) ;
#3239 = PLANE ( 'NONE',  #1323 ) ;
#3240 = LINE ( 'NONE', #1838, #2937 ) ;
#3241 = CARTESIAN_POINT ( 'NONE',  ( -3.399999999999999023, 0.2999999999999999889, -2.250000000000000444 ) ) ;
#3242 = VECTOR ( 'NONE', #9, 1000.000000000000000 ) ;
#3243 =( LENGTH_UNIT ( ) NAMED_UNIT ( * ) SI_UNIT ( .MILLI., .METRE. ) );
#3244 = LINE ( 'NONE', #221, #947 ) ;
#3245 = ORIENTED_EDGE ( 'NONE', *, *, #3130, .T. ) ;
#3246 = DIRECTION ( 'NONE',  ( -0.1891669625045598047, 0.000000000000000000, -0.9819449375075970377 ) ) ;
#3247 = ORIENTED_EDGE ( 'NONE', *, *, #3312, .F. ) ;
#3248 = DIRECTION ( 'NONE',  ( -1.239088197126289831E-16, 2.686844230450940920E-32, -1.000000000000000000 ) ) ;
#3249 = DIRECTION ( 'NONE',  ( -1.349979358736815487E-16, 2.927301107106087163E-32, -1.000000000000000000 ) ) ;
#3250 = ORIENTED_EDGE ( 'NONE', *, *, #1252, .F. ) ;
#3251 = CARTESIAN_POINT ( 'NONE',  ( -2.900000000000000355, 0.05000000000000000278, -10.45000000000000107 ) ) ;
#3252 = LINE ( 'NONE', #2380, #3477 ) ;
#3253 = CARTESIAN_POINT ( 'NONE',  ( 6.123233995697225616E-17, -1.199999999926149030, -8.699999999993542232 ) ) ;
#3254 = ORIENTED_EDGE ( 'NONE', *, *, #210, .F. ) ;
#3255 = LINE ( 'NONE', #1055, #1917 ) ;
#3256 = DIRECTION ( 'NONE',  ( 1.239088197126290324E-16, -2.686844230450942015E-32, 1.000000000000000000 ) ) ;
#3257 = SURFACE_SIDE_STYLE ('',( #555 ) ) ;
#3258 = CARTESIAN_POINT ( 'NONE',  ( -5.099999999999999645, 0.2999999999999999889, -3.750000000000000000 ) ) ;
#3259 = EDGE_CURVE ( 'NONE', #2276, #1147, #1360, .T. ) ;
#3260 = AXIS2_PLACEMENT_3D ( 'NONE', #3103, #248, #3549 ) ;
#3261 = LINE ( 'NONE', #2689, #2993 ) ;
#3262 = CARTESIAN_POINT ( 'NONE',  ( 0.000000000000000000, 0.000000000000000000, -12.19999999999999929 ) ) ;
#3263 = ORIENTED_EDGE ( 'NONE', *, *, #2434, .T. ) ;
#3264 = EDGE_CURVE ( 'NONE', #3238, #1147, #1325, .T. ) ;
#3265 = FACE_OUTER_BOUND ( 'NONE', #1137, .T. ) ;
#3266 = EDGE_LOOP ( 'NONE', ( #2320, #2655, #1348, #1662 ) ) ;
#3267 = FACE_OUTER_BOUND ( 'NONE', #3291, .T. ) ;
#3268 = ORIENTED_EDGE ( 'NONE', *, *, #972, .F. ) ;
#3269 = DIRECTION ( 'NONE',  ( 7.228014483236698528E-16, 1.000000000000000000, 0.000000000000000000 ) ) ;
#3270 = FACE_OUTER_BOUND ( 'NONE', #560, .T. ) ;
#3271 = CARTESIAN_POINT ( 'NONE',  ( -3.399999999999999467, 0.05000000000000000278, 0.000000000000000000 ) ) ;
#3272 = ORIENTED_EDGE ( 'NONE', *, *, #627, .F. ) ;
#3273 = CIRCLE ( 'NONE', #1774, 3.000000000000000444 ) ;
#3274 = LINE ( 'NONE', #1398, #1368 ) ;
#3275 = PLANE ( 'NONE',  #177 ) ;
#3276 = DIRECTION ( 'NONE',  ( 0.000000000000000000, -0.000000000000000000, 1.000000000000000000 ) ) ;
#3277 = EDGE_CURVE ( 'NONE', #45, #31, #3029, .T. ) ;
#3278 = PRESENTATION_LAYER_ASSIGNMENT (  '', '', ( #2015 ) ) ;
#3279 = CIRCLE ( 'NONE', #298, 3.000000000000000444 ) ;
#3280 = CARTESIAN_POINT ( 'NONE',  ( 3.399999999999999023, 0.000000000000000000, -2.250000000000000444 ) ) ;
#3281 = AXIS2_PLACEMENT_3D ( 'NONE', #2171, #3246, #1602 ) ;
#3282 = CARTESIAN_POINT ( 'NONE',  ( -2.800000000000000266, 3.000000000000000000, 2.500000000000000000 ) ) ;
#3283 = EDGE_CURVE ( 'NONE', #382, #1467, #510, .T. ) ;
#3284 = EDGE_CURVE ( 'NONE', #1648, #2782, #554, .T. ) ;
#3285 = ORIENTED_EDGE ( 'NONE', *, *, #3344, .T. ) ;
#3286 = VECTOR ( 'NONE', #1355, 1000.000000000000000 ) ;
#3287 = CARTESIAN_POINT ( 'NONE',  ( 2.900000000000000355, 0.05000000000000000278, -9.050000000000000711 ) ) ;
#3288 = ORIENTED_EDGE ( 'NONE', *, *, #92, .F. ) ;
#3289 = CARTESIAN_POINT ( 'NONE',  ( 0.2446587632569929005, 0.3499999999999999778, -12.79859873968900352 ) ) ;
#3290 = SHAPE_REPRESENTATION_RELATIONSHIP ( 'NONE' , 'NONE' ,  #2334, #3169 ) ;
#3291 = EDGE_LOOP ( 'NONE', ( #2972, #3515, #1122, #3482 ) ) ;
#3292 = AXIS2_PLACEMENT_3D ( 'NONE', #2562, #2520, #1993 ) ;
#3293 = AXIS2_PLACEMENT_3D ( 'NONE', #1856, #1007, #781 ) ;
#3294 = PLANE ( 'NONE',  #3460 ) ;
#3295 = CARTESIAN_POINT ( 'NONE',  ( -3.700000000000000178, 0.05000000000000000278, -2.250000000000000444 ) ) ;
#3296 = ORIENTED_EDGE ( 'NONE', *, *, #2639, .T. ) ;
#3297 = EDGE_CURVE ( 'NONE', #1376, #1968, #2990, .T. ) ;
#3298 = EDGE_LOOP ( 'NONE', ( #739, #2861, #787, #1478, #337, #1435, #1713, #3135, #1311, #3530 ) ) ;
#3299 = CARTESIAN_POINT ( 'NONE',  ( 4.400000000000000355, 0.2000000000000000111, -10.45000000000000107 ) ) ;
#3300 = CARTESIAN_POINT ( 'NONE',  ( 2.800000000000000266, 2.999999999999999556, 2.700000000000000178 ) ) ;
#3301 = EDGE_CURVE ( 'NONE', #1968, #999, #2182, .T. ) ;
#3302 = EDGE_CURVE ( 'NONE', #1913, #2065, #570, .T. ) ;
#3303 = LINE ( 'NONE', #3032, #2615 ) ;
#3304 = CARTESIAN_POINT ( 'NONE',  ( -3.999999999999995559, 6.000000000000000888, -4.750000000000000888 ) ) ;
#3305 = VERTEX_POINT ( 'NONE', #238 ) ;
#3306 = LINE ( 'NONE', #1388, #1374 ) ;
#3307 = EDGE_LOOP ( 'NONE', ( #1410, #2342, #2413, #472 ) ) ;
#3308 =( NAMED_UNIT ( * ) PLANE_ANGLE_UNIT ( ) SI_UNIT ( $, .RADIAN. ) );
#3309 = ORIENTED_EDGE ( 'NONE', *, *, #662, .T. ) ;
#3310 = PRODUCT_DEFINITION_FORMATION_WITH_SPECIFIED_SOURCE ( 'ANY', '', #1796, .NOT_KNOWN. ) ;
#3311 = CARTESIAN_POINT ( 'NONE',  ( -4.400000000000000355, 0.000000000000000000, -9.449999999999999289 ) ) ;
#3312 = EDGE_CURVE ( 'NONE', #1975, #912, #867, .T. ) ;
#3313 = FACE_BOUND ( 'NONE', #915, .T. ) ;
#3314 = ORIENTED_EDGE ( 'NONE', *, *, #14, .F. ) ;
#3315 = EDGE_CURVE ( 'NONE', #2251, #2800, #2723, .T. ) ;
#3316 = PRODUCT_RELATED_PRODUCT_CATEGORY ( 'part', '', ( #2891 ) ) ;
#3317 = ORIENTED_EDGE ( 'NONE', *, *, #216, .F. ) ;
#3318 = CARTESIAN_POINT ( 'NONE',  ( -3.699999999999998401, 6.000000000000000888, -1.249999999999999556 ) ) ;
#3319 = CARTESIAN_POINT ( 'NONE',  ( -3.999999999999995559, 6.000000000000000888, -10.40000000000000213 ) ) ;
#3320 = DIRECTION ( 'NONE',  ( 0.000000000000000000, 1.000000000000000000, 0.000000000000000000 ) ) ;
#3321 = EDGE_CURVE ( 'NONE', #3186, #2140, #1673, .T. ) ;
#3322 = DIRECTION ( 'NONE',  ( -1.000000000000000000, 0.000000000000000000, -0.000000000000000000 ) ) ;
#3323 = DIRECTION ( 'NONE',  ( 1.000000000000000000, 0.000000000000000000, -0.000000000000000000 ) ) ;
#3324 = ORIENTED_EDGE ( 'NONE', *, *, #2163, .F. ) ;
#3325 = DIRECTION ( 'NONE',  ( 1.203706215242022846E-31, 1.000000000000000000, -0.000000000000000000 ) ) ;
#3326 = VERTEX_POINT ( 'NONE', #1592 ) ;
#3327 =( NAMED_UNIT ( * ) SI_UNIT ( $, .STERADIAN. ) SOLID_ANGLE_UNIT ( ) );
#3328 = ORIENTED_EDGE ( 'NONE', *, *, #1932, .T. ) ;
#3329 = VECTOR ( 'NONE', #38, 1000.000000000000000 ) ;
#3330 = FACE_OUTER_BOUND ( 'NONE', #2792, .T. ) ;
#3331 = CARTESIAN_POINT ( 'NONE',  ( -3.399999999999999467, 2.042451164955594332E-31, -10.45000000000000107 ) ) ;
#3332 = ORIENTED_EDGE ( 'NONE', *, *, #1501, .F. ) ;
#3333 = EDGE_CURVE ( 'NONE', #1829, #65, #1948, .T. ) ;
#3334 = ADVANCED_FACE ( 'NONE', ( #1342 ), #311, .F. ) ;
#3335 = ORIENTED_EDGE ( 'NONE', *, *, #3139, .T. ) ;
#3336 = DIRECTION ( 'NONE',  ( -0.000000000000000000, 1.000000000000000000, 0.000000000000000000 ) ) ;
#3337 = CARTESIAN_POINT ( 'NONE',  ( -3.699999999999998401, 0.000000000000000000, -1.250000000000000000 ) ) ;
#3338 = VERTEX_POINT ( 'NONE', #1075 ) ;
#3339 = AXIS2_PLACEMENT_3D ( 'NONE', #23, #1632, #2739 ) ;
#3340 = DIRECTION ( 'NONE',  ( -1.000000000000000000, 0.000000000000000000, 0.000000000000000000 ) ) ;
#3341 = DIRECTION ( 'NONE',  ( 1.000000000000000000, 0.000000000000000000, -0.000000000000000000 ) ) ;
#3342 = VECTOR ( 'NONE', #2781, 1000.000000000000000 ) ;
#3343 = ORIENTED_EDGE ( 'NONE', *, *, #2664, .F. ) ;
#3344 = EDGE_CURVE ( 'NONE', #264, #119, #1058, .T. ) ;
#3345 = VECTOR ( 'NONE', #3325, 1000.000000000000000 ) ;
#3346 = CARTESIAN_POINT ( 'NONE',  ( -3.999999999999996447, 9.629649721936179265E-31, -1.250000000000000000 ) ) ;
#3347 = ORIENTED_EDGE ( 'NONE', *, *, #1033, .T. ) ;
#3348 =( NAMED_UNIT ( * ) PLANE_ANGLE_UNIT ( ) SI_UNIT ( $, .RADIAN. ) );
#3349 = ORIENTED_EDGE ( 'NONE', *, *, #2544, .T. ) ;
#3350 = VECTOR ( 'NONE', #2603, 1000.000000000000000 ) ;
#3351 = DIRECTION ( 'NONE',  ( -1.000000000000000000, 0.000000000000000000, 0.000000000000000000 ) ) ;
#3352 = DIRECTION ( 'NONE',  ( -0.000000000000000000, -0.000000000000000000, -1.000000000000000000 ) ) ;
#3353 = ORIENTED_EDGE ( 'NONE', *, *, #1127, .F. ) ;
#3354 = VECTOR ( 'NONE', #1891, 1000.000000000000000 ) ;
#3355 = VECTOR ( 'NONE', #1629, 1000.000000000000000 ) ;
#3356 = ORIENTED_EDGE ( 'NONE', *, *, #2805, .T. ) ;
#3357 = PLANE ( 'NONE',  #173 ) ;
#3358 = CARTESIAN_POINT ( 'NONE',  ( 4.000000000000000888, 5.999999999999999112, -1.250000000000000000 ) ) ;
#3359 =( NAMED_UNIT ( * ) SI_UNIT ( $, .STERADIAN. ) SOLID_ANGLE_UNIT ( ) );
#3360 = ORIENTED_EDGE ( 'NONE', *, *, #3401, .F. ) ;
#3361 = CARTESIAN_POINT ( 'NONE',  ( 3.700000000000000178, -1.574132473146859274E-31, -3.750000000000000000 ) ) ;
#3362 = FACE_OUTER_BOUND ( 'NONE', #3036, .T. ) ;
#3363 = DIRECTION ( 'NONE',  ( 0.000000000000000000, 0.000000000000000000, 1.000000000000000000 ) ) ;
#3364 = ORIENTED_EDGE ( 'NONE', *, *, #972, .T. ) ;
#3365 = DIRECTION ( 'NONE',  ( 1.000000000000000000, -1.203706215242022846E-31, 0.000000000000000000 ) ) ;
#3366 = ORIENTED_EDGE ( 'NONE', *, *, #2936, .F. ) ;
#3367 = VECTOR ( 'NONE', #74, 1000.000000000000000 ) ;
#3368 = ORIENTED_EDGE ( 'NONE', *, *, #2925, .F. ) ;
#3369 = EDGE_CURVE ( 'NONE', #1299, #1093, #3274, .T. ) ;
#3370 = LINE ( 'NONE', #3463, #2996 ) ;
#3371 = ORIENTED_EDGE ( 'NONE', *, *, #2544, .F. ) ;
#3372 = ORIENTED_EDGE ( 'NONE', *, *, #817, .T. ) ;
#3373 = CARTESIAN_POINT ( 'NONE',  ( 0.000000000000000000, 8.673617379884035472E-16, -1.250000000000000000 ) ) ;
#3374 = CARTESIAN_POINT ( 'NONE',  ( -3.699999999999998845, 6.000000000000000888, -1.250000000000000000 ) ) ;
#3375 = LINE ( 'NONE', #1170, #1707 ) ;
#3376 = ORIENTED_EDGE ( 'NONE', *, *, #2009, .F. ) ;
#3377 = DIRECTION ( 'NONE',  ( -1.349979358736815487E-16, 2.927301107106087163E-32, -1.000000000000000000 ) ) ;
#3378 = DIRECTION ( 'NONE',  ( 1.000000000000000000, 0.000000000000000000, 0.000000000000000000 ) ) ;
#3379 = LINE ( 'NONE', #3177, #1035 ) ;
#3380 = ORIENTED_EDGE ( 'NONE', *, *, #2042, .F. ) ;
#3381 = EDGE_CURVE ( 'NONE', #2407, #2238, #797, .T. ) ;
#3382 = PLANE ( 'NONE',  #3223 ) ;
#3383 = ORIENTED_EDGE ( 'NONE', *, *, #846, .T. ) ;
#3384 = ORIENTED_EDGE ( 'NONE', *, *, #2042, .T. ) ;
#3385 = CARTESIAN_POINT ( 'NONE',  ( -0.7500000000000001110, 0.3499999999999999778, -13.29999999999999893 ) ) ;
#3386 = VECTOR ( 'NONE', #1189, 1000.000000000000000 ) ;
#3387 = VERTEX_POINT ( 'NONE', #294 ) ;
#3388 = EDGE_LOOP ( 'NONE', ( #71, #503, #416, #2508 ) ) ;
#3389 =( GEOMETRIC_REPRESENTATION_CONTEXT ( 3 ) GLOBAL_UNCERTAINTY_ASSIGNED_CONTEXT ( ( #2121 ) ) GLOBAL_UNIT_ASSIGNED_CONTEXT ( ( #6, #1077, #3359 ) ) REPRESENTATION_CONTEXT ( 'NONE', 'WORKASPACE' ) );
#3390 = LINE ( 'NONE', #268, #921 ) ;
#3391 = CARTESIAN_POINT ( 'NONE',  ( 3.399999999999999911, 0.05000000000000000278, -12.19999999999999929 ) ) ;
#3392 = CARTESIAN_POINT ( 'NONE',  ( 2.755455298081542806E-16, -4.336808689942017736E-16, 0.000000000000000000 ) ) ;
#3393 = ORIENTED_EDGE ( 'NONE', *, *, #2987, .F. ) ;
#3394 = CARTESIAN_POINT ( 'NONE',  ( 5.099999999999999645, 0.000000000000000000, -2.649999999999999467 ) ) ;
#3395 = EDGE_CURVE ( 'NONE', #2915, #3506, #1380, .T. ) ;
#3396 = DIRECTION ( 'NONE',  ( 7.228014483236698528E-16, 1.000000000000000000, 0.000000000000000000 ) ) ;
#3397 = DIRECTION ( 'NONE',  ( -0.7071067811865474617, 8.659560562354932858E-17, 0.7071067811865474617 ) ) ;
#3398 = ORIENTED_EDGE ( 'NONE', *, *, #285, .F. ) ;
#3399 = AXIS2_PLACEMENT_3D ( 'NONE', #2436, #3535, #1051 ) ;
#3400 = CARTESIAN_POINT ( 'NONE',  ( -3.999999999999996447, 3.209883240645393234E-31, 0.000000000000000000 ) ) ;
#3401 = EDGE_CURVE ( 'NONE', #3305, #1749, #288, .T. ) ;
#3402 = ORIENTED_EDGE ( 'NONE', *, *, #1486, .T. ) ;
#3403 = ADVANCED_FACE ( 'NONE', ( #274 ), #1111, .F. ) ;
#3404 = EDGE_LOOP ( 'NONE', ( #2734, #1408, #2628, #12 ) ) ;
#3405 = VECTOR ( 'NONE', #2888, 1000.000000000000000 ) ;
#3406 = VECTOR ( 'NONE', #15, 1000.000000000000114 ) ;
#3407 = DIRECTION ( 'NONE',  ( 0.000000000000000000, -1.000000000000000000, -0.000000000000000000 ) ) ;
#3408 = ORIENTED_EDGE ( 'NONE', *, *, #468, .F. ) ;
#3409 = ORIENTED_EDGE ( 'NONE', *, *, #817, .F. ) ;
#3410 = CARTESIAN_POINT ( 'NONE',  ( 3.299999999999998490, -8.673617379884035472E-16, -4.750000000000002665 ) ) ;
#3411 = CARTESIAN_POINT ( 'NONE',  ( 7.347880794884117764E-17, 0.000000000000000000, -8.900000000000000355 ) ) ;
#3412 = DIRECTION ( 'NONE',  ( -1.000000000000000000, 2.168404344971008868E-16, 1.239088197126290324E-16 ) ) ;
#3413 = ORIENTED_EDGE ( 'NONE', *, *, #2644, .F. ) ;
#3414 = EDGE_CURVE ( 'NONE', #643, #2488, #49, .T. ) ;
#3415 = AXIS2_PLACEMENT_3D ( 'NONE', #1001, #2104, #3204 ) ;
#3416 = CARTESIAN_POINT ( 'NONE',  ( 3.399999999999999467, 0.05000000000000000278, -3.750000000000000000 ) ) ;
#3417 = CARTESIAN_POINT ( 'NONE',  ( 3.000000000000000444, 2.999999999999998668, 2.500000000000000000 ) ) ;
#3418 = ADVANCED_FACE ( 'NONE', ( #383 ), #3099, .T. ) ;
#3419 = ORIENTED_EDGE ( 'NONE', *, *, #470, .F. ) ;
#3420 = EDGE_CURVE ( 'NONE', #3548, #3129, #2314, .T. ) ;
#3421 = DIRECTION ( 'NONE',  ( 0.000000000000000000, 0.000000000000000000, -1.000000000000000000 ) ) ;
#3422 = ORIENTED_EDGE ( 'NONE', *, *, #1755, .T. ) ;
#3423 = PRODUCT_CONTEXT ( 'NONE', #1854, 'mechanical' ) ;
#3424 = ORIENTED_EDGE ( 'NONE', *, *, #861, .T. ) ;
#3425 = CARTESIAN_POINT ( 'NONE',  ( -4.649999999999999467, 0.000000000000000000, -3.000000000000000000 ) ) ;
#3426 = EDGE_LOOP ( 'NONE', ( #635, #3347, #2661, #1211 ) ) ;
#3427 = AXIS2_PLACEMENT_3D ( 'NONE', #1456, #2819, #346 ) ;
#3428 = ORIENTED_EDGE ( 'NONE', *, *, #3555, .T. ) ;
#3429 = DIRECTION ( 'NONE',  ( -1.239088197126287514E-15, 2.686844230450935556E-31, 1.000000000000000000 ) ) ;
#3430 = DIRECTION ( 'NONE',  ( -0.9786350530279723792, 0.000000000000000000, 0.2056050412439770492 ) ) ;
#3431 = FACE_OUTER_BOUND ( 'NONE', #2249, .T. ) ;
#3432 = EDGE_LOOP ( 'NONE', ( #195, #1451, #325, #1559 ) ) ;
#3433 = EDGE_CURVE ( 'NONE', #1752, #1762, #3273, .T. ) ;
#3434 = EDGE_CURVE ( 'NONE', #2065, #643, #1742, .T. ) ;
#3435 = CIRCLE ( 'NONE', #321, 0.5999999999999998668 ) ;
#3436 = PRODUCT_DEFINITION_FORMATION_WITH_SPECIFIED_SOURCE ( 'ANY', '', #3444, .NOT_KNOWN. ) ;
#3437 = LINE ( 'NONE', #2904, #960 ) ;
#3438 = FACE_OUTER_BOUND ( 'NONE', #2986, .T. ) ;
#3439 = CARTESIAN_POINT ( 'NONE',  ( -2.900000000000000355, 0.2000000000000000111, -10.45000000000000107 ) ) ;
#3440 = LINE ( 'NONE', #1295, #782 ) ;
#3441 = CONTEXT_DEPENDENT_SHAPE_REPRESENTATION ( #2416, #708 ) ;
#3442 = ORIENTED_EDGE ( 'NONE', *, *, #2415, .T. ) ;
#3443 = DIRECTION ( 'NONE',  ( -0.000000000000000000, 0.000000000000000000, 1.000000000000000000 ) ) ;
#3444 = PRODUCT ( '(03-772)\X2\0160\X0\O\X2\0152\X0\`\X2\0192201a0192\X0\f\X2\01922039\X0\', '(03-772)\X2\0160\X0\O\X2\0152\X0\`\X2\0192201a0192\X0\f\X2\01922039\X0\', '', ( #2909 ) ) ;
#3445 = ORIENTED_EDGE ( 'NONE', *, *, #2132, .F. ) ;
#3446 = VECTOR ( 'NONE', #1555, 1000.000000000000000 ) ;
#3447 = EDGE_CURVE ( 'NONE', #2881, #30, #1468, .T. ) ;
#3448 = DIRECTION ( 'NONE',  ( -1.000000000000000000, 1.203706215242022846E-31, -0.000000000000000000 ) ) ;
#3449 = CARTESIAN_POINT ( 'NONE',  ( 3.700000000000001954, 5.999999999999999112, -1.250000000000000000 ) ) ;
#3450 = EDGE_CURVE ( 'NONE', #3326, #1569, #2597, .T. ) ;
#3451 = DIRECTION ( 'NONE',  ( 0.000000000000000000, 0.000000000000000000, 1.000000000000000000 ) ) ;
#3452 = EDGE_LOOP ( 'NONE', ( #606, #2049, #3413, #3065 ) ) ;
#3453 = FACE_OUTER_BOUND ( 'NONE', #3388, .T. ) ;
#3454 = DIRECTION ( 'NONE',  ( 2.168404344971008868E-16, 1.000000000000000000, 0.000000000000000000 ) ) ;
#3455 = CARTESIAN_POINT ( 'NONE',  ( 4.000000000000001776, 4.200000000000000178, -10.40000000000000213 ) ) ;
#3456 = CARTESIAN_POINT ( 'NONE',  ( -3.399999999999999467, 0.05000000000000000278, -9.050000000000000711 ) ) ;
#3457 = ITEM_DEFINED_TRANSFORMATION ( 'NONE', 'NONE', #581,  #521 ) ;
#3458 = EDGE_CURVE ( 'NONE', #3338, #2103, #600, .T. ) ;
#3459 = VERTEX_POINT ( 'NONE', #2527 ) ;
#3460 = AXIS2_PLACEMENT_3D ( 'NONE', #230, #1587, #2682 ) ;
#3461 = EDGE_CURVE ( 'NONE', #1913, #2106, #130, .T. ) ;
#3462 =( GEOMETRIC_REPRESENTATION_CONTEXT ( 3 ) GLOBAL_UNCERTAINTY_ASSIGNED_CONTEXT ( ( #107 ) ) GLOBAL_UNIT_ASSIGNED_CONTEXT ( ( #3171, #3470, #1816 ) ) REPRESENTATION_CONTEXT ( 'NONE', 'WORKASPACE' ) );
#3463 = CARTESIAN_POINT ( 'NONE',  ( 3.399999999999999467, 0.000000000000000000, -2.250000000000000444 ) ) ;
#3464 = SHAPE_REPRESENTATION ( '(03-772)\X2\0160\X0\O\X2\0152\X0\`\X2\0192201a0192\X0\f\X2\01922039\X0\_3', ( #521 ), #748 ) ;
#3465 = LINE ( 'NONE', #2660, #2060 ) ;
#3466 = VERTEX_POINT ( 'NONE', #2795 ) ;
#3467 = VECTOR ( 'NONE', #3119, 1000.000000000000000 ) ;
#3468 = AXIS2_PLACEMENT_3D ( 'NONE', #2907, #97, #677 ) ;
#3469 = VECTOR ( 'NONE', #544, 1000.000000000000000 ) ;
#3470 =( NAMED_UNIT ( * ) PLANE_ANGLE_UNIT ( ) SI_UNIT ( $, .RADIAN. ) );
#3471 = DIRECTION ( 'NONE',  ( 0.000000000000000000, 0.000000000000000000, 1.000000000000000000 ) ) ;
#3472 = FACE_OUTER_BOUND ( 'NONE', #2226, .T. ) ;
#3473 = ORIENTED_EDGE ( 'NONE', *, *, #2786, .F. ) ;
#3474 = VECTOR ( 'NONE', #3014, 1000.000000000000000 ) ;
#3475 = CARTESIAN_POINT ( 'NONE',  ( -4.598598739689005122, 0.000000000000000000, -3.244658763256993428 ) ) ;
#3476 = CARTESIAN_POINT ( 'NONE',  ( 3.400000000000002576, 5.999999999999999112, -5.775000000000001243 ) ) ;
#3477 = VECTOR ( 'NONE', #1339, 1000.000000000000000 ) ;
#3478 = VECTOR ( 'NONE', #240, 1000.000000000000000 ) ;
#3479 = ADVANCED_FACE ( 'NONE', ( #1688 ), #341, .T. ) ;
#3480 = DIRECTION ( 'NONE',  ( -1.000000000000000000, 0.000000000000000000, -0.000000000000000000 ) ) ;
#3481 = CARTESIAN_POINT ( 'NONE',  ( -2.800000000000000266, 3.000000000000000000, 2.700000000000000178 ) ) ;
#3482 = ORIENTED_EDGE ( 'NONE', *, *, #2434, .F. ) ;
#3483 = APPLICATION_CONTEXT ( 'automotive_design' ) ;
#3484 = DIRECTION ( 'NONE',  ( 0.000000000000000000, 0.000000000000000000, 1.000000000000000000 ) ) ;
#3485 = LINE ( 'NONE', #2638, #1532 ) ;
#3486 = VERTEX_POINT ( 'NONE', #1432 ) ;
#3487 = EDGE_CURVE ( 'NONE', #3387, #1567, #1660, .T. ) ;
#3488 =( LENGTH_UNIT ( ) NAMED_UNIT ( * ) SI_UNIT ( .MILLI., .METRE. ) );
#3489 = DIRECTION ( 'NONE',  ( 1.000000000000000000, -1.203706215242022189E-31, -0.000000000000000000 ) ) ;
#3490 = DIRECTION ( 'NONE',  ( 0.000000000000000000, 0.000000000000000000, -1.000000000000000000 ) ) ;
#3491 = ORIENTED_EDGE ( 'NONE', *, *, #1393, .F. ) ;
#3492 = VECTOR ( 'NONE', #1572, 1000.000000000000000 ) ;
#3493 = CARTESIAN_POINT ( 'NONE',  ( 6.748992664456973746E-16, 6.000000000000000000, 0.000000000000000000 ) ) ;
#3494 = PLANE ( 'NONE',  #3293 ) ;
#3495 = LINE ( 'NONE', #1294, #2133 ) ;
#3496 = FACE_OUTER_BOUND ( 'NONE', #1620, .T. ) ;
#3497 = ORIENTED_EDGE ( 'NONE', *, *, #3381, .T. ) ;
#3498 = ADVANCED_FACE ( 'NONE', ( #88 ), #3357, .F. ) ;
#3499 = FACE_OUTER_BOUND ( 'NONE', #2284, .T. ) ;
#3500 = EDGE_LOOP ( 'NONE', ( #1166, #3522, #145, #2764 ) ) ;
#3501 = CARTESIAN_POINT ( 'NONE',  ( 3.400000000000000355, 0.05000000000000000278, -9.050000000000000711 ) ) ;
#3502 = ORIENTED_EDGE ( 'NONE', *, *, #3297, .F. ) ;
#3503 = CARTESIAN_POINT ( 'NONE',  ( 6.123233995759598629E-17, -1.199999999926149030, -2.400000000003728928 ) ) ;
#3504 = DIRECTION ( 'NONE',  ( -2.168404344971009361E-16, -1.000000000000000000, 0.000000000000000000 ) ) ;
#3505 = LINE ( 'NONE', #3190, #82 ) ;
#3506 = VERTEX_POINT ( 'NONE', #2038 ) ;
#3507 =( REPRESENTATION_RELATIONSHIP ('NONE','NONE', #1821, #3464 ) REPRESENTATION_RELATIONSHIP_WITH_TRANSFORMATION ( #2876 )SHAPE_REPRESENTATION_RELATIONSHIP( ) );
#3508 = PRODUCT ( '(03-772)\X2\0160\X0\O\X2\0152\X0\`\X2\0192201a0192\X0\f\X2\01922039\X0\_3', '(03-772)\X2\0160\X0\O\X2\0152\X0\`\X2\0192201a0192\X0\f\X2\01922039\X0\_3', '', ( #1179 ) ) ;
#3509 = CARTESIAN_POINT ( 'NONE',  ( -3.999999999999998224, 4.200000000000000178, -12.19999999999999929 ) ) ;
#3510 = COLOUR_RGB ( '',1.000000000000000000, 1.000000000000000000, 0.000000000000000000 ) ;
#3511 = DIRECTION ( 'NONE',  ( -1.000000000000000000, 1.203706215242022189E-31, 0.000000000000000000 ) ) ;
#3512 = DIRECTION ( 'NONE',  ( -0.000000000000000000, -0.000000000000000000, 1.000000000000000000 ) ) ;
#3513 = ORIENTED_EDGE ( 'NONE', *, *, #1034, .T. ) ;
#3514 = FACE_OUTER_BOUND ( 'NONE', #432, .T. ) ;
#3515 = ORIENTED_EDGE ( 'NONE', *, *, #480, .F. ) ;
#3516 = DIRECTION ( 'NONE',  ( 0.000000000000000000, -0.000000000000000000, 1.000000000000000000 ) ) ;
#3517 = AXIS2_PLACEMENT_3D ( 'NONE', #3251, #2969, #831 ) ;
#3518 = AXIS2_PLACEMENT_3D ( 'NONE', #1714, #1391, #2826 ) ;
#3519 = DIRECTION ( 'NONE',  ( 1.000000000000000000, -7.228014483236698528E-16, 0.000000000000000000 ) ) ;
#3520 = DIRECTION ( 'NONE',  ( 0.000000000000000000, 0.000000000000000000, -1.000000000000000000 ) ) ;
#3521 = FACE_OUTER_BOUND ( 'NONE', #3165, .T. ) ;
#3522 = ORIENTED_EDGE ( 'NONE', *, *, #956, .T. ) ;
#3523 = CARTESIAN_POINT ( 'NONE',  ( 4.400000000000000355, 0.000000000000000000, -9.050000000000000711 ) ) ;
#3524 = VECTOR ( 'NONE', #196, 1000.000000000000000 ) ;
#3525 = EDGE_CURVE ( 'NONE', #1219, #2766, #3132, .T. ) ;
#3526 = LINE ( 'NONE', #741, #925 ) ;
#3527 = VECTOR ( 'NONE', #2438, 1000.000000000000000 ) ;
#3528 = CARTESIAN_POINT ( 'NONE',  ( -2.900000000000000355, 0.05000000000000000278, -10.45000000000000107 ) ) ;
#3529 = CIRCLE ( 'NONE', #1500, 0.2500000000000002220 ) ;
#3530 = ORIENTED_EDGE ( 'NONE', *, *, #3283, .T. ) ;
#3531 = DIRECTION ( 'NONE',  ( 0.000000000000000000, 0.000000000000000000, -1.000000000000000000 ) ) ;
#3532 = VERTEX_POINT ( 'NONE', #72 ) ;
#3533 = CARTESIAN_POINT ( 'NONE',  ( 0.000000000000000000, 0.000000000000000000, -7.700000000000000178 ) ) ;
#3534 = ORIENTED_EDGE ( 'NONE', *, *, #2135, .F. ) ;
#3535 = DIRECTION ( 'NONE',  ( -0.9786350530279721571, 0.000000000000000000, 0.2056050412439790198 ) ) ;
#3536 = CARTESIAN_POINT ( 'NONE',  ( 5.100000000000000533, 0.2999999999999999889, -3.349999999999999645 ) ) ;
#3537 = DIRECTION ( 'NONE',  ( 0.2056050412439790198, 0.000000000000000000, 0.9786350530279721571 ) ) ;
#3538 = EDGE_LOOP ( 'NONE', ( #1650, #2713, #1191, #3247 ) ) ;
#3539 = LINE ( 'NONE', #1872, #70 ) ;
#3540 = EDGE_CURVE ( 'NONE', #1156, #519, #1168, .T. ) ;
#3541 = EDGE_CURVE ( 'NONE', #1260, #1069, #1997, .T. ) ;
#3542 = DIRECTION ( 'NONE',  ( -0.000000000000000000, -1.000000000000000000, -0.000000000000000000 ) ) ;
#3543 = DIRECTION ( 'NONE',  ( -0.000000000000000000, -0.000000000000000000, -1.000000000000000000 ) ) ;
#3544 = VECTOR ( 'NONE', #1331, 1000.000000000000000 ) ;
#3545 = DIRECTION ( 'NONE',  ( -1.000000000000000000, 0.000000000000000000, 0.000000000000000000 ) ) ;
#3546 = EDGE_LOOP ( 'NONE', ( #828, #2463, #1285, #582 ) ) ;
#3547 = LINE ( 'NONE', #460, #1908 ) ;
#3548 = VERTEX_POINT ( 'NONE', #403 ) ;
#3549 = DIRECTION ( 'NONE',  ( 0.000000000000000000, 0.000000000000000000, 1.000000000000000000 ) ) ;
#3550 = DIRECTION ( 'NONE',  ( -2.168404344971008868E-16, -1.000000000000000000, 0.000000000000000000 ) ) ;
#3551 = EDGE_CURVE ( 'NONE', #1569, #1010, #1723, .T. ) ;
#3552 = CARTESIAN_POINT ( 'NONE',  ( 4.400000000000000355, 0.2000000000000000111, -9.449999999999999289 ) ) ;
#3553 = FACE_OUTER_BOUND ( 'NONE', #3092, .T. ) ;
#3554 = ORIENTED_EDGE ( 'NONE', *, *, #899, .T. ) ;
#3555 = EDGE_CURVE ( 'NONE', #2374, #519, #3390, .T. ) ;
#3556 = EDGE_CURVE ( 'NONE', #2145, #2251, #2916, .T. ) ;
#3557 = DIRECTION ( 'NONE',  ( -1.000000000000000000, 0.000000000000000000, -0.000000000000000000 ) ) ;
#3558 = CARTESIAN_POINT ( 'NONE',  ( -4.598598739689005122, 0.2999999999999999889, -2.755341236743007016 ) ) ;
#3559 = SURFACE_STYLE_FILL_AREA ( #2184 ) ;
#3560 = CIRCLE ( 'NONE', #2470, 0.2000000000000005107 ) ;
#3561 =( NAMED_UNIT ( * ) SI_UNIT ( $, .STERADIAN. ) SOLID_ANGLE_UNIT ( ) );
#3562 = FACE_OUTER_BOUND ( 'NONE', #1584, .T. ) ;
#3563 = FACE_OUTER_BOUND ( 'NONE', #2041, .T. ) ;
#3564 = EDGE_LOOP ( 'NONE', ( #2825, #2134, #2745, #599 ) ) ;
#3565 = DIRECTION ( 'NONE',  ( 1.000000000000000000, 0.000000000000000000, -0.000000000000000000 ) ) ;
#3566 = VERTEX_POINT ( 'NONE', #422 ) ;
#3567 = NEXT_ASSEMBLY_USAGE_OCCURRENCE ( 'NAUO1', ' ', ' ', #2943, #2787, $ ) ;
#3568 = NEXT_ASSEMBLY_USAGE_OCCURRENCE ( 'NAUO2', ' ', ' ', #2943, #1658, $ ) ;
#3569 = NEXT_ASSEMBLY_USAGE_OCCURRENCE ( 'NAUO3', ' ', ' ', #2943, #2630, $ ) ;
#3570 = NEXT_ASSEMBLY_USAGE_OCCURRENCE ( 'NAUO4', ' ', ' ', #2943, #339, $ ) ;
#3571 = NEXT_ASSEMBLY_USAGE_OCCURRENCE ( 'NAUO5', ' ', ' ', #2943, #1543, $ ) ;
#3572 = NEXT_ASSEMBLY_USAGE_OCCURRENCE ( 'NAUO6', ' ', ' ', #2943, #1815, $ ) ;
ENDSEC;
END-ISO-10303-21;
